Pin,Day,Prayer,Prayer time (New York),Pin time (New York),Publish date UTC (as in the upload CSVs)
1,2026-10-17,Fajr,05:54,2026-10-17 06:09,2026-10-17T10:09:00
2,2026-10-17,Fajr,05:54,2026-10-17 06:39,2026-10-17T10:39:00
3,2026-10-17,Zuhr,12:41,2026-10-17 12:11,2026-10-17T16:11:00
4,2026-10-17,Zuhr,12:41,2026-10-17 12:56,2026-10-17T16:56:00
5,2026-10-17,Zuhr,12:41,2026-10-17 13:26,2026-10-17T17:26:00
6,2026-10-17,Zuhr,12:41,2026-10-17 13:56,2026-10-17T17:56:00
7,2026-10-17,Asr,15:44,2026-10-17 15:14,2026-10-17T19:14:00
8,2026-10-17,Asr,15:44,2026-10-17 15:59,2026-10-17T19:59:00
9,2026-10-17,Asr,15:44,2026-10-17 16:29,2026-10-17T20:29:00
10,2026-10-17,Asr,15:44,2026-10-17 16:59,2026-10-17T20:59:00
11,2026-10-17,Maghrib,18:12,2026-10-17 18:22,2026-10-17T22:22:00
12,2026-10-17,Maghrib,18:12,2026-10-17 18:42,2026-10-17T22:42:00
13,2026-10-17,Maghrib,18:12,2026-10-17 19:02,2026-10-17T23:02:00
14,2026-10-17,Isha,19:27,2026-10-17 19:42,2026-10-17T23:42:00
15,2026-10-17,Isha,19:27,2026-10-17 20:12,2026-10-18T00:12:00
16,2026-10-17,Isha,19:27,2026-10-17 20:42,2026-10-18T00:42:00
17,2026-10-17,Isha,19:27,2026-10-17 21:12,2026-10-18T01:12:00
18,2026-10-18,Fajr,05:55,2026-10-18 06:10,2026-10-18T10:10:00
19,2026-10-18,Fajr,05:55,2026-10-18 06:40,2026-10-18T10:40:00
20,2026-10-18,Zuhr,12:41,2026-10-18 12:11,2026-10-18T16:11:00
21,2026-10-18,Zuhr,12:41,2026-10-18 12:56,2026-10-18T16:56:00
22,2026-10-18,Zuhr,12:41,2026-10-18 13:26,2026-10-18T17:26:00
23,2026-10-18,Zuhr,12:41,2026-10-18 13:56,2026-10-18T17:56:00
24,2026-10-18,Asr,15:43,2026-10-18 15:13,2026-10-18T19:13:00
25,2026-10-18,Asr,15:43,2026-10-18 15:58,2026-10-18T19:58:00
26,2026-10-18,Asr,15:43,2026-10-18 16:28,2026-10-18T20:28:00
27,2026-10-18,Asr,15:43,2026-10-18 16:58,2026-10-18T20:58:00
28,2026-10-18,Maghrib,18:11,2026-10-18 18:21,2026-10-18T22:21:00
29,2026-10-18,Maghrib,18:11,2026-10-18 18:41,2026-10-18T22:41:00
30,2026-10-18,Maghrib,18:11,2026-10-18 19:01,2026-10-18T23:01:00
31,2026-10-18,Isha,19:26,2026-10-18 19:41,2026-10-18T23:41:00
32,2026-10-18,Isha,19:26,2026-10-18 20:11,2026-10-19T00:11:00
33,2026-10-18,Isha,19:26,2026-10-18 20:41,2026-10-19T00:41:00
34,2026-10-18,Isha,19:26,2026-10-18 21:11,2026-10-19T01:11:00
35,2026-10-19,Fajr,05:56,2026-10-19 06:11,2026-10-19T10:11:00
36,2026-10-19,Fajr,05:56,2026-10-19 06:41,2026-10-19T10:41:00
37,2026-10-19,Zuhr,12:41,2026-10-19 12:11,2026-10-19T16:11:00
38,2026-10-19,Zuhr,12:41,2026-10-19 12:56,2026-10-19T16:56:00
39,2026-10-19,Zuhr,12:41,2026-10-19 13:26,2026-10-19T17:26:00
40,2026-10-19,Zuhr,12:41,2026-10-19 13:56,2026-10-19T17:56:00
41,2026-10-19,Asr,15:42,2026-10-19 15:12,2026-10-19T19:12:00
42,2026-10-19,Asr,15:42,2026-10-19 15:57,2026-10-19T19:57:00
43,2026-10-19,Asr,15:42,2026-10-19 16:27,2026-10-19T20:27:00
44,2026-10-19,Asr,15:42,2026-10-19 16:57,2026-10-19T20:57:00
45,2026-10-19,Maghrib,18:09,2026-10-19 18:19,2026-10-19T22:19:00
46,2026-10-19,Maghrib,18:09,2026-10-19 18:39,2026-10-19T22:39:00
47,2026-10-19,Maghrib,18:09,2026-10-19 18:59,2026-10-19T22:59:00
48,2026-10-19,Isha,19:25,2026-10-19 19:40,2026-10-19T23:40:00
49,2026-10-19,Isha,19:25,2026-10-19 20:10,2026-10-20T00:10:00
50,2026-10-19,Isha,19:25,2026-10-19 20:40,2026-10-20T00:40:00
51,2026-10-19,Isha,19:25,2026-10-19 21:10,2026-10-20T01:10:00
52,2026-10-20,Fajr,05:57,2026-10-20 06:12,2026-10-20T10:12:00
53,2026-10-20,Fajr,05:57,2026-10-20 06:42,2026-10-20T10:42:00
54,2026-10-20,Zuhr,12:41,2026-10-20 12:11,2026-10-20T16:11:00
55,2026-10-20,Zuhr,12:41,2026-10-20 12:56,2026-10-20T16:56:00
56,2026-10-20,Zuhr,12:41,2026-10-20 13:26,2026-10-20T17:26:00
57,2026-10-20,Zuhr,12:41,2026-10-20 13:56,2026-10-20T17:56:00
58,2026-10-20,Asr,15:41,2026-10-20 15:11,2026-10-20T19:11:00
59,2026-10-20,Asr,15:41,2026-10-20 15:56,2026-10-20T19:56:00
60,2026-10-20,Asr,15:41,2026-10-20 16:26,2026-10-20T20:26:00
61,2026-10-20,Asr,15:41,2026-10-20 16:56,2026-10-20T20:56:00
62,2026-10-20,Maghrib,18:08,2026-10-20 18:18,2026-10-20T22:18:00
63,2026-10-20,Maghrib,18:08,2026-10-20 18:38,2026-10-20T22:38:00
64,2026-10-20,Maghrib,18:08,2026-10-20 18:58,2026-10-20T22:58:00
65,2026-10-20,Isha,19:23,2026-10-20 19:38,2026-10-20T23:38:00
66,2026-10-20,Isha,19:23,2026-10-20 20:08,2026-10-21T00:08:00
67,2026-10-20,Isha,19:23,2026-10-20 20:38,2026-10-21T00:38:00
68,2026-10-20,Isha,19:23,2026-10-20 21:08,2026-10-21T01:08:00
69,2026-10-21,Fajr,05:58,2026-10-21 06:13,2026-10-21T10:13:00
70,2026-10-21,Fajr,05:58,2026-10-21 06:43,2026-10-21T10:43:00
71,2026-10-21,Zuhr,12:41,2026-10-21 12:11,2026-10-21T16:11:00
72,2026-10-21,Zuhr,12:41,2026-10-21 12:56,2026-10-21T16:56:00
73,2026-10-21,Zuhr,12:41,2026-10-21 13:26,2026-10-21T17:26:00
74,2026-10-21,Zuhr,12:41,2026-10-21 13:56,2026-10-21T17:56:00
75,2026-10-21,Asr,15:40,2026-10-21 15:10,2026-10-21T19:10:00
76,2026-10-21,Asr,15:40,2026-10-21 15:55,2026-10-21T19:55:00
77,2026-10-21,Asr,15:40,2026-10-21 16:25,2026-10-21T20:25:00
78,2026-10-21,Asr,15:40,2026-10-21 16:55,2026-10-21T20:55:00
79,2026-10-21,Maghrib,18:06,2026-10-21 18:16,2026-10-21T22:16:00
80,2026-10-21,Maghrib,18:06,2026-10-21 18:36,2026-10-21T22:36:00
81,2026-10-21,Maghrib,18:06,2026-10-21 18:56,2026-10-21T22:56:00
82,2026-10-21,Isha,19:22,2026-10-21 19:37,2026-10-21T23:37:00
83,2026-10-21,Isha,19:22,2026-10-21 20:07,2026-10-22T00:07:00
84,2026-10-21,Isha,19:22,2026-10-21 20:37,2026-10-22T00:37:00
85,2026-10-21,Isha,19:22,2026-10-21 21:07,2026-10-22T01:07:00
86,2026-10-22,Fajr,06:00,2026-10-22 06:15,2026-10-22T10:15:00
87,2026-10-22,Fajr,06:00,2026-10-22 06:45,2026-10-22T10:45:00
88,2026-10-22,Zuhr,12:40,2026-10-22 12:10,2026-10-22T16:10:00
89,2026-10-22,Zuhr,12:40,2026-10-22 12:55,2026-10-22T16:55:00
90,2026-10-22,Zuhr,12:40,2026-10-22 13:25,2026-10-22T17:25:00
91,2026-10-22,Zuhr,12:40,2026-10-22 13:55,2026-10-22T17:55:00
92,2026-10-22,Asr,15:39,2026-10-22 15:09,2026-10-22T19:09:00
93,2026-10-22,Asr,15:39,2026-10-22 15:54,2026-10-22T19:54:00
94,2026-10-22,Asr,15:39,2026-10-22 16:24,2026-10-22T20:24:00
95,2026-10-22,Asr,15:39,2026-10-22 16:54,2026-10-22T20:54:00
96,2026-10-22,Maghrib,18:05,2026-10-22 18:15,2026-10-22T22:15:00
97,2026-10-22,Maghrib,18:05,2026-10-22 18:35,2026-10-22T22:35:00
98,2026-10-22,Maghrib,18:05,2026-10-22 18:55,2026-10-22T22:55:00
99,2026-10-22,Isha,19:21,2026-10-22 19:36,2026-10-22T23:36:00
100,2026-10-22,Isha,19:21,2026-10-22 20:06,2026-10-23T00:06:00
101,2026-10-22,Isha,19:21,2026-10-22 20:36,2026-10-23T00:36:00
102,2026-10-22,Isha,19:21,2026-10-22 21:06,2026-10-23T01:06:00
103,2026-10-23,Fajr,06:01,2026-10-23 06:16,2026-10-23T10:16:00
104,2026-10-23,Fajr,06:01,2026-10-23 06:46,2026-10-23T10:46:00
105,2026-10-23,Zuhr,12:40,2026-10-23 12:10,2026-10-23T16:10:00
106,2026-10-23,Zuhr,12:40,2026-10-23 12:55,2026-10-23T16:55:00
107,2026-10-23,Zuhr,12:40,2026-10-23 13:25,2026-10-23T17:25:00
108,2026-10-23,Zuhr,12:40,2026-10-23 13:55,2026-10-23T17:55:00
109,2026-10-23,Asr,15:38,2026-10-23 15:08,2026-10-23T19:08:00
110,2026-10-23,Asr,15:38,2026-10-23 15:53,2026-10-23T19:53:00
111,2026-10-23,Asr,15:38,2026-10-23 16:23,2026-10-23T20:23:00
112,2026-10-23,Asr,15:38,2026-10-23 16:53,2026-10-23T20:53:00
113,2026-10-23,Maghrib,18:04,2026-10-23 18:14,2026-10-23T22:14:00
114,2026-10-23,Maghrib,18:04,2026-10-23 18:34,2026-10-23T22:34:00
115,2026-10-23,Maghrib,18:04,2026-10-23 18:54,2026-10-23T22:54:00
116,2026-10-23,Isha,19:19,2026-10-23 19:34,2026-10-23T23:34:00
117,2026-10-23,Isha,19:19,2026-10-23 20:04,2026-10-24T00:04:00
118,2026-10-23,Isha,19:19,2026-10-23 20:34,2026-10-24T00:34:00
119,2026-10-23,Isha,19:19,2026-10-23 21:04,2026-10-24T01:04:00
120,2026-10-24,Fajr,06:02,2026-10-24 06:17,2026-10-24T10:17:00
121,2026-10-24,Fajr,06:02,2026-10-24 06:47,2026-10-24T10:47:00
122,2026-10-24,Zuhr,12:40,2026-10-24 12:10,2026-10-24T16:10:00
123,2026-10-24,Zuhr,12:40,2026-10-24 12:55,2026-10-24T16:55:00
124,2026-10-24,Zuhr,12:40,2026-10-24 13:25,2026-10-24T17:25:00
125,2026-10-24,Zuhr,12:40,2026-10-24 13:55,2026-10-24T17:55:00
126,2026-10-24,Asr,15:36,2026-10-24 15:06,2026-10-24T19:06:00
127,2026-10-24,Asr,15:36,2026-10-24 15:51,2026-10-24T19:51:00
128,2026-10-24,Asr,15:36,2026-10-24 16:21,2026-10-24T20:21:00
129,2026-10-24,Asr,15:36,2026-10-24 16:51,2026-10-24T20:51:00
130,2026-10-24,Maghrib,18:02,2026-10-24 18:12,2026-10-24T22:12:00
131,2026-10-24,Maghrib,18:02,2026-10-24 18:32,2026-10-24T22:32:00
132,2026-10-24,Maghrib,18:02,2026-10-24 18:52,2026-10-24T22:52:00
133,2026-10-24,Isha,19:18,2026-10-24 19:33,2026-10-24T23:33:00
134,2026-10-24,Isha,19:18,2026-10-24 20:03,2026-10-25T00:03:00
135,2026-10-24,Isha,19:18,2026-10-24 20:33,2026-10-25T00:33:00
136,2026-10-24,Isha,19:18,2026-10-24 21:03,2026-10-25T01:03:00
137,2026-10-25,Fajr,06:03,2026-10-25 06:18,2026-10-25T10:18:00
138,2026-10-25,Fajr,06:03,2026-10-25 06:48,2026-10-25T10:48:00
139,2026-10-25,Zuhr,12:40,2026-10-25 12:10,2026-10-25T16:10:00
140,2026-10-25,Zuhr,12:40,2026-10-25 12:55,2026-10-25T16:55:00
141,2026-10-25,Zuhr,12:40,2026-10-25 13:25,2026-10-25T17:25:00
142,2026-10-25,Zuhr,12:40,2026-10-25 13:55,2026-10-25T17:55:00
143,2026-10-25,Asr,15:35,2026-10-25 15:05,2026-10-25T19:05:00
144,2026-10-25,Asr,15:35,2026-10-25 15:50,2026-10-25T19:50:00
145,2026-10-25,Asr,15:35,2026-10-25 16:20,2026-10-25T20:20:00
146,2026-10-25,Asr,15:35,2026-10-25 16:50,2026-10-25T20:50:00
147,2026-10-25,Maghrib,18:01,2026-10-25 18:11,2026-10-25T22:11:00
148,2026-10-25,Maghrib,18:01,2026-10-25 18:31,2026-10-25T22:31:00
149,2026-10-25,Maghrib,18:01,2026-10-25 18:51,2026-10-25T22:51:00
150,2026-10-25,Isha,19:17,2026-10-25 19:32,2026-10-25T23:32:00
151,2026-10-25,Isha,19:17,2026-10-25 20:02,2026-10-26T00:02:00
152,2026-10-25,Isha,19:17,2026-10-25 20:32,2026-10-26T00:32:00
153,2026-10-25,Isha,19:17,2026-10-25 21:02,2026-10-26T01:02:00
154,2026-10-26,Fajr,06:04,2026-10-26 06:19,2026-10-26T10:19:00
155,2026-10-26,Fajr,06:04,2026-10-26 06:49,2026-10-26T10:49:00
156,2026-10-26,Zuhr,12:40,2026-10-26 12:10,2026-10-26T16:10:00
157,2026-10-26,Zuhr,12:40,2026-10-26 12:55,2026-10-26T16:55:00
158,2026-10-26,Zuhr,12:40,2026-10-26 13:25,2026-10-26T17:25:00
159,2026-10-26,Zuhr,12:40,2026-10-26 13:55,2026-10-26T17:55:00
160,2026-10-26,Asr,15:34,2026-10-26 15:04,2026-10-26T19:04:00
161,2026-10-26,Asr,15:34,2026-10-26 15:49,2026-10-26T19:49:00
162,2026-10-26,Asr,15:34,2026-10-26 16:19,2026-10-26T20:19:00
163,2026-10-26,Asr,15:34,2026-10-26 16:49,2026-10-26T20:49:00
164,2026-10-26,Maghrib,18:00,2026-10-26 18:10,2026-10-26T22:10:00
165,2026-10-26,Maghrib,18:00,2026-10-26 18:30,2026-10-26T22:30:00
166,2026-10-26,Maghrib,18:00,2026-10-26 18:50,2026-10-26T22:50:00
167,2026-10-26,Isha,19:16,2026-10-26 19:31,2026-10-26T23:31:00
168,2026-10-26,Isha,19:16,2026-10-26 20:01,2026-10-27T00:01:00
169,2026-10-26,Isha,19:16,2026-10-26 20:31,2026-10-27T00:31:00
170,2026-10-26,Isha,19:16,2026-10-26 21:01,2026-10-27T01:01:00
171,2026-10-27,Fajr,06:05,2026-10-27 06:20,2026-10-27T10:20:00
172,2026-10-27,Fajr,06:05,2026-10-27 06:50,2026-10-27T10:50:00
173,2026-10-27,Zuhr,12:40,2026-10-27 12:10,2026-10-27T16:10:00
174,2026-10-27,Zuhr,12:40,2026-10-27 12:55,2026-10-27T16:55:00
175,2026-10-27,Zuhr,12:40,2026-10-27 13:25,2026-10-27T17:25:00
176,2026-10-27,Zuhr,12:40,2026-10-27 13:55,2026-10-27T17:55:00
177,2026-10-27,Asr,15:33,2026-10-27 15:03,2026-10-27T19:03:00
178,2026-10-27,Asr,15:33,2026-10-27 15:48,2026-10-27T19:48:00
179,2026-10-27,Asr,15:33,2026-10-27 16:18,2026-10-27T20:18:00
180,2026-10-27,Asr,15:33,2026-10-27 16:48,2026-10-27T20:48:00
181,2026-10-27,Maghrib,17:58,2026-10-27 18:08,2026-10-27T22:08:00
182,2026-10-27,Maghrib,17:58,2026-10-27 18:28,2026-10-27T22:28:00
183,2026-10-27,Maghrib,17:58,2026-10-27 18:48,2026-10-27T22:48:00
184,2026-10-27,Isha,19:14,2026-10-27 19:29,2026-10-27T23:29:00
185,2026-10-27,Isha,19:14,2026-10-27 19:59,2026-10-27T23:59:00
186,2026-10-27,Isha,19:14,2026-10-27 20:29,2026-10-28T00:29:00
187,2026-10-27,Isha,19:14,2026-10-27 20:59,2026-10-28T00:59:00
188,2026-10-28,Fajr,06:06,2026-10-28 06:21,2026-10-28T10:21:00
189,2026-10-28,Fajr,06:06,2026-10-28 06:51,2026-10-28T10:51:00
190,2026-10-28,Zuhr,12:40,2026-10-28 12:10,2026-10-28T16:10:00
191,2026-10-28,Zuhr,12:40,2026-10-28 12:55,2026-10-28T16:55:00
192,2026-10-28,Zuhr,12:40,2026-10-28 13:25,2026-10-28T17:25:00
193,2026-10-28,Zuhr,12:40,2026-10-28 13:55,2026-10-28T17:55:00
194,2026-10-28,Asr,15:32,2026-10-28 15:02,2026-10-28T19:02:00
195,2026-10-28,Asr,15:32,2026-10-28 15:47,2026-10-28T19:47:00
196,2026-10-28,Asr,15:32,2026-10-28 16:17,2026-10-28T20:17:00
197,2026-10-28,Asr,15:32,2026-10-28 16:47,2026-10-28T20:47:00
198,2026-10-28,Maghrib,17:57,2026-10-28 18:07,2026-10-28T22:07:00
199,2026-10-28,Maghrib,17:57,2026-10-28 18:27,2026-10-28T22:27:00
200,2026-10-28,Maghrib,17:57,2026-10-28 18:47,2026-10-28T22:47:00
201,2026-10-28,Isha,19:13,2026-10-28 19:28,2026-10-28T23:28:00
202,2026-10-28,Isha,19:13,2026-10-28 19:58,2026-10-28T23:58:00
203,2026-10-28,Isha,19:13,2026-10-28 20:28,2026-10-29T00:28:00
204,2026-10-28,Isha,19:13,2026-10-28 20:58,2026-10-29T00:58:00
205,2026-10-29,Fajr,06:07,2026-10-29 06:22,2026-10-29T10:22:00
206,2026-10-29,Fajr,06:07,2026-10-29 06:52,2026-10-29T10:52:00
207,2026-10-29,Zuhr,12:40,2026-10-29 12:10,2026-10-29T16:10:00
208,2026-10-29,Zuhr,12:40,2026-10-29 12:55,2026-10-29T16:55:00
209,2026-10-29,Zuhr,12:40,2026-10-29 13:25,2026-10-29T17:25:00
210,2026-10-29,Zuhr,12:40,2026-10-29 13:55,2026-10-29T17:55:00
211,2026-10-29,Asr,15:31,2026-10-29 15:01,2026-10-29T19:01:00
212,2026-10-29,Asr,15:31,2026-10-29 15:46,2026-10-29T19:46:00
213,2026-10-29,Asr,15:31,2026-10-29 16:16,2026-10-29T20:16:00
214,2026-10-29,Asr,15:31,2026-10-29 16:46,2026-10-29T20:46:00
215,2026-10-29,Maghrib,17:56,2026-10-29 18:06,2026-10-29T22:06:00
216,2026-10-29,Maghrib,17:56,2026-10-29 18:26,2026-10-29T22:26:00
217,2026-10-29,Maghrib,17:56,2026-10-29 18:46,2026-10-29T22:46:00
218,2026-10-29,Isha,19:12,2026-10-29 19:27,2026-10-29T23:27:00
219,2026-10-29,Isha,19:12,2026-10-29 19:57,2026-10-29T23:57:00
220,2026-10-29,Isha,19:12,2026-10-29 20:27,2026-10-30T00:27:00
221,2026-10-29,Isha,19:12,2026-10-29 20:57,2026-10-30T00:57:00
222,2026-10-30,Fajr,06:08,2026-10-30 06:23,2026-10-30T10:23:00
223,2026-10-30,Fajr,06:08,2026-10-30 06:53,2026-10-30T10:53:00
224,2026-10-30,Zuhr,12:40,2026-10-30 12:10,2026-10-30T16:10:00
225,2026-10-30,Zuhr,12:40,2026-10-30 12:55,2026-10-30T16:55:00
226,2026-10-30,Zuhr,12:40,2026-10-30 13:25,2026-10-30T17:25:00
227,2026-10-30,Zuhr,12:40,2026-10-30 13:55,2026-10-30T17:55:00
228,2026-10-30,Asr,15:30,2026-10-30 15:00,2026-10-30T19:00:00
229,2026-10-30,Asr,15:30,2026-10-30 15:45,2026-10-30T19:45:00
230,2026-10-30,Asr,15:30,2026-10-30 16:15,2026-10-30T20:15:00
231,2026-10-30,Asr,15:30,2026-10-30 16:45,2026-10-30T20:45:00
232,2026-10-30,Maghrib,17:54,2026-10-30 18:04,2026-10-30T22:04:00
233,2026-10-30,Maghrib,17:54,2026-10-30 18:24,2026-10-30T22:24:00
234,2026-10-30,Maghrib,17:54,2026-10-30 18:44,2026-10-30T22:44:00
235,2026-10-30,Isha,19:11,2026-10-30 19:26,2026-10-30T23:26:00
236,2026-10-30,Isha,19:11,2026-10-30 19:56,2026-10-30T23:56:00
237,2026-10-30,Isha,19:11,2026-10-30 20:26,2026-10-31T00:26:00
238,2026-10-30,Isha,19:11,2026-10-30 20:56,2026-10-31T00:56:00
239,2026-10-31,Fajr,06:09,2026-10-31 06:24,2026-10-31T10:24:00
240,2026-10-31,Fajr,06:09,2026-10-31 06:54,2026-10-31T10:54:00
241,2026-10-31,Zuhr,12:40,2026-10-31 12:10,2026-10-31T16:10:00
242,2026-10-31,Zuhr,12:40,2026-10-31 12:55,2026-10-31T16:55:00
243,2026-10-31,Zuhr,12:40,2026-10-31 13:25,2026-10-31T17:25:00
244,2026-10-31,Zuhr,12:40,2026-10-31 13:55,2026-10-31T17:55:00
245,2026-10-31,Asr,15:29,2026-10-31 14:59,2026-10-31T18:59:00
246,2026-10-31,Asr,15:29,2026-10-31 15:44,2026-10-31T19:44:00
247,2026-10-31,Asr,15:29,2026-10-31 16:14,2026-10-31T20:14:00
248,2026-10-31,Asr,15:29,2026-10-31 16:44,2026-10-31T20:44:00
249,2026-10-31,Maghrib,17:53,2026-10-31 18:03,2026-10-31T22:03:00
250,2026-10-31,Maghrib,17:53,2026-10-31 18:23,2026-10-31T22:23:00
251,2026-10-31,Maghrib,17:53,2026-10-31 18:43,2026-10-31T22:43:00
252,2026-10-31,Isha,19:10,2026-10-31 19:25,2026-10-31T23:25:00
253,2026-10-31,Isha,19:10,2026-10-31 19:55,2026-10-31T23:55:00
254,2026-10-31,Isha,19:10,2026-10-31 20:25,2026-11-01T00:25:00
255,2026-10-31,Isha,19:10,2026-10-31 20:55,2026-11-01T00:55:00
256,2026-11-01,Fajr,05:10,2026-11-01 05:25,2026-11-01T10:25:00
257,2026-11-01,Fajr,05:10,2026-11-01 05:55,2026-11-01T10:55:00
258,2026-11-01,Zuhr,11:40,2026-11-01 11:10,2026-11-01T16:10:00
259,2026-11-01,Zuhr,11:40,2026-11-01 11:55,2026-11-01T16:55:00
260,2026-11-01,Zuhr,11:40,2026-11-01 12:25,2026-11-01T17:25:00
261,2026-11-01,Zuhr,11:40,2026-11-01 12:55,2026-11-01T17:55:00
262,2026-11-01,Asr,14:28,2026-11-01 13:58,2026-11-01T18:58:00
263,2026-11-01,Asr,14:28,2026-11-01 14:43,2026-11-01T19:43:00
264,2026-11-01,Asr,14:28,2026-11-01 15:13,2026-11-01T20:13:00
265,2026-11-01,Asr,14:28,2026-11-01 15:43,2026-11-01T20:43:00
266,2026-11-01,Maghrib,16:52,2026-11-01 17:02,2026-11-01T22:02:00
267,2026-11-01,Maghrib,16:52,2026-11-01 17:22,2026-11-01T22:22:00
268,2026-11-01,Maghrib,16:52,2026-11-01 17:42,2026-11-01T22:42:00
269,2026-11-01,Isha,18:09,2026-11-01 18:24,2026-11-01T23:24:00
270,2026-11-01,Isha,18:09,2026-11-01 18:54,2026-11-01T23:54:00
271,2026-11-01,Isha,18:09,2026-11-01 19:24,2026-11-02T00:24:00
272,2026-11-01,Isha,18:09,2026-11-01 19:54,2026-11-02T00:54:00
273,2026-11-02,Fajr,05:11,2026-11-02 05:26,2026-11-02T10:26:00
274,2026-11-02,Fajr,05:11,2026-11-02 05:56,2026-11-02T10:56:00
275,2026-11-02,Zuhr,11:40,2026-11-02 11:10,2026-11-02T16:10:00
276,2026-11-02,Zuhr,11:40,2026-11-02 11:55,2026-11-02T16:55:00
277,2026-11-02,Zuhr,11:40,2026-11-02 12:25,2026-11-02T17:25:00
278,2026-11-02,Zuhr,11:40,2026-11-02 12:55,2026-11-02T17:55:00
279,2026-11-02,Asr,14:27,2026-11-02 13:57,2026-11-02T18:57:00
280,2026-11-02,Asr,14:27,2026-11-02 14:42,2026-11-02T19:42:00
281,2026-11-02,Asr,14:27,2026-11-02 15:12,2026-11-02T20:12:00
282,2026-11-02,Asr,14:27,2026-11-02 15:42,2026-11-02T20:42:00
283,2026-11-02,Maghrib,16:51,2026-11-02 17:01,2026-11-02T22:01:00
284,2026-11-02,Maghrib,16:51,2026-11-02 17:21,2026-11-02T22:21:00
285,2026-11-02,Maghrib,16:51,2026-11-02 17:41,2026-11-02T22:41:00
286,2026-11-02,Isha,18:08,2026-11-02 18:23,2026-11-02T23:23:00
287,2026-11-02,Isha,18:08,2026-11-02 18:53,2026-11-02T23:53:00
288,2026-11-02,Isha,18:08,2026-11-02 19:23,2026-11-03T00:23:00
289,2026-11-02,Isha,18:08,2026-11-02 19:53,2026-11-03T00:53:00
290,2026-11-03,Fajr,05:12,2026-11-03 05:27,2026-11-03T10:27:00
291,2026-11-03,Fajr,05:12,2026-11-03 05:57,2026-11-03T10:57:00
292,2026-11-03,Zuhr,11:40,2026-11-03 11:10,2026-11-03T16:10:00
293,2026-11-03,Zuhr,11:40,2026-11-03 11:55,2026-11-03T16:55:00
294,2026-11-03,Zuhr,11:40,2026-11-03 12:25,2026-11-03T17:25:00
295,2026-11-03,Zuhr,11:40,2026-11-03 12:55,2026-11-03T17:55:00
296,2026-11-03,Asr,14:26,2026-11-03 13:56,2026-11-03T18:56:00
297,2026-11-03,Asr,14:26,2026-11-03 14:41,2026-11-03T19:41:00
298,2026-11-03,Asr,14:26,2026-11-03 15:11,2026-11-03T20:11:00
299,2026-11-03,Asr,14:26,2026-11-03 15:41,2026-11-03T20:41:00
300,2026-11-03,Maghrib,16:50,2026-11-03 17:00,2026-11-03T22:00:00
301,2026-11-03,Maghrib,16:50,2026-11-03 17:20,2026-11-03T22:20:00
302,2026-11-03,Maghrib,16:50,2026-11-03 17:40,2026-11-03T22:40:00
303,2026-11-03,Isha,18:07,2026-11-03 18:22,2026-11-03T23:22:00
304,2026-11-03,Isha,18:07,2026-11-03 18:52,2026-11-03T23:52:00
305,2026-11-03,Isha,18:07,2026-11-03 19:22,2026-11-04T00:22:00
306,2026-11-03,Isha,18:07,2026-11-03 19:52,2026-11-04T00:52:00
307,2026-11-04,Fajr,05:13,2026-11-04 05:28,2026-11-04T10:28:00
308,2026-11-04,Fajr,05:13,2026-11-04 05:58,2026-11-04T10:58:00
309,2026-11-04,Zuhr,11:40,2026-11-04 11:10,2026-11-04T16:10:00
310,2026-11-04,Zuhr,11:40,2026-11-04 11:55,2026-11-04T16:55:00
311,2026-11-04,Zuhr,11:40,2026-11-04 12:25,2026-11-04T17:25:00
312,2026-11-04,Zuhr,11:40,2026-11-04 12:55,2026-11-04T17:55:00
313,2026-11-04,Asr,14:26,2026-11-04 13:56,2026-11-04T18:56:00
314,2026-11-04,Asr,14:26,2026-11-04 14:41,2026-11-04T19:41:00
315,2026-11-04,Asr,14:26,2026-11-04 15:11,2026-11-04T20:11:00
316,2026-11-04,Asr,14:26,2026-11-04 15:41,2026-11-04T20:41:00
317,2026-11-04,Maghrib,16:48,2026-11-04 16:58,2026-11-04T21:58:00
318,2026-11-04,Maghrib,16:48,2026-11-04 17:18,2026-11-04T22:18:00
319,2026-11-04,Maghrib,16:48,2026-11-04 17:38,2026-11-04T22:38:00
320,2026-11-04,Isha,18:06,2026-11-04 18:21,2026-11-04T23:21:00
321,2026-11-04,Isha,18:06,2026-11-04 18:51,2026-11-04T23:51:00
322,2026-11-04,Isha,18:06,2026-11-04 19:21,2026-11-05T00:21:00
323,2026-11-04,Isha,18:06,2026-11-04 19:51,2026-11-05T00:51:00
324,2026-11-05,Fajr,05:14,2026-11-05 05:29,2026-11-05T10:29:00
325,2026-11-05,Fajr,05:14,2026-11-05 05:59,2026-11-05T10:59:00
326,2026-11-05,Zuhr,11:40,2026-11-05 11:10,2026-11-05T16:10:00
327,2026-11-05,Zuhr,11:40,2026-11-05 11:55,2026-11-05T16:55:00
328,2026-11-05,Zuhr,11:40,2026-11-05 12:25,2026-11-05T17:25:00
329,2026-11-05,Zuhr,11:40,2026-11-05 12:55,2026-11-05T17:55:00
330,2026-11-05,Asr,14:25,2026-11-05 13:55,2026-11-05T18:55:00
331,2026-11-05,Asr,14:25,2026-11-05 14:40,2026-11-05T19:40:00
332,2026-11-05,Asr,14:25,2026-11-05 15:10,2026-11-05T20:10:00
333,2026-11-05,Asr,14:25,2026-11-05 15:40,2026-11-05T20:40:00
334,2026-11-05,Maghrib,16:47,2026-11-05 16:57,2026-11-05T21:57:00
335,2026-11-05,Maghrib,16:47,2026-11-05 17:17,2026-11-05T22:17:00
336,2026-11-05,Maghrib,16:47,2026-11-05 17:37,2026-11-05T22:37:00
337,2026-11-05,Isha,18:05,2026-11-05 18:20,2026-11-05T23:20:00
338,2026-11-05,Isha,18:05,2026-11-05 18:50,2026-11-05T23:50:00
339,2026-11-05,Isha,18:05,2026-11-05 19:20,2026-11-06T00:20:00
340,2026-11-05,Isha,18:05,2026-11-05 19:50,2026-11-06T00:50:00
341,2026-11-06,Fajr,05:15,2026-11-06 05:30,2026-11-06T10:30:00
342,2026-11-06,Fajr,05:15,2026-11-06 06:00,2026-11-06T11:00:00
343,2026-11-06,Zuhr,11:40,2026-11-06 11:10,2026-11-06T16:10:00
344,2026-11-06,Zuhr,11:40,2026-11-06 11:55,2026-11-06T16:55:00
345,2026-11-06,Zuhr,11:40,2026-11-06 12:25,2026-11-06T17:25:00
346,2026-11-06,Zuhr,11:40,2026-11-06 12:55,2026-11-06T17:55:00
347,2026-11-06,Asr,14:24,2026-11-06 13:54,2026-11-06T18:54:00
348,2026-11-06,Asr,14:24,2026-11-06 14:39,2026-11-06T19:39:00
349,2026-11-06,Asr,14:24,2026-11-06 15:09,2026-11-06T20:09:00
350,2026-11-06,Asr,14:24,2026-11-06 15:39,2026-11-06T20:39:00
