Title,Media URL,Pinterest board,Description,Link,Publish date,Keywords
ADHD Phone Call Anxiety: Make the Call You Keep Avoiding,https://draftpace.com/store/pinterest-maple-main/finds/alongside-01.jpg,ADHD Life Hacks,"This is your sign to finally make that call. The ADHD Life Companion gives you an opening line and a short list of what to have in front of you, then walks you through the hard part one question at a time. Made by Draftpace. ADHD Life Companion, $49 once.",https://draftpace.com/shop/alongside?utm_source=pinterest&utm_medium=organic_social&utm_campaign=maple_main&utm_content=alongside-01,2026-10-12T13:00:00,"adhd phone anxiety, adhd tips for adults, executive dysfunction, adhd life hacks"
School Forms Hack: Every Health Answer in One Printable Sheet,https://draftpace.com/store/pinterest-maple-main/finds/family-health-binder-01.jpg,Family Organization Hacks,"School, camp and sports forms ask the same health questions every year. Enter everyone's allergies, medications, doctors and insurance once in Family Health Binder, and print a Forms sheet in the order forms ask. Made by Draftpace. Family Health Binder, $34 once.",https://draftpace.com/shop/family-health-binder?utm_source=pinterest&utm_medium=organic_social&utm_campaign=maple_main&utm_content=family-health-binder-01,2026-10-12T15:30:00,"school forms, back to school organization, mom hacks, family medical binder"
Home Maintenance Checklist App: What's Due This Week,https://draftpace.com/store/pinterest-maple-main/finds/home-management-companion-01.jpg,Home Binder Ideas,"Not a dashboard to decode. Home Base answers one question in a sentence: does anything need you this week. The rest of the time it stays out of the way. Made by Draftpace. Home Base, $49 once.",https://draftpace.com/shop/home-management-companion?utm_source=pinterest&utm_medium=organic_social&utm_campaign=maple_main&utm_content=home-management-companion-01,2026-10-12T18:00:00,"home maintenance checklist, new homeowner tips, home organization, house maintenance"
Easy Homeschool Record Keeping You'll Actually Keep Up With,https://draftpace.com/store/pinterest-maple-main/finds/homeschooling-companion-01.jpg,Homeschool Organization,"Homeschool records shouldn't be a second job. Log what you actually did as it happens, on paper or on screen, and print a record per child you could hand to somebody at year's end. Made by Draftpace. Homeschooling Companion, $34 once.",https://draftpace.com/shop/homeschooling-companion?utm_source=pinterest&utm_medium=organic_social&utm_campaign=maple_main&utm_content=homeschooling-companion-01,2026-10-12T20:30:00,"homeschool record keeping, homeschool organization, homeschool mom, homeschool portfolio"
How Much Can I Spend This Month? A Free Safe to Spend Number,https://draftpace.com/store/pinterest-maple-main/finds/monthly-money-reset-01.jpg,Budgeting for Beginners,Skip the mental math. Monthly Money Reset gives you one Safe-to-Spend figure that holds your bills back first and updates as the month goes on. Free to use. Made by Draftpace.,https://draftpace.com/free?utm_source=pinterest&utm_medium=organic_social&utm_campaign=maple_main&utm_content=monthly-money-reset-01,2026-10-12T23:00:00,"budgeting for beginners, safe to spend, money tips, budget app free"
Organize Your Finances: All Your Money in One Place,https://draftpace.com/store/pinterest-maple-main/finds/personal-finance-companion-01.jpg,Money Organization Tips,"Bank apps, statements, memory and habit: that's not a system. Personal Finance Companion keeps accounts, income, bills, subscriptions, transactions, debt and savings in one current picture. Made by Draftpace. Personal Finance Companion, $49 once.",https://draftpace.com/shop/personal-finance-companion?utm_source=pinterest&utm_medium=organic_social&utm_campaign=maple_main&utm_content=personal-finance-companion-01,2026-10-13T01:30:00,"organize finances, financial organization, money tracker, personal finance tips"
If Something Happens to Me File: Done One Question at a Time,https://draftpace.com/store/pinterest-maple-main/finds/personal-life-affairs-companion-01.jpg,Life Admin and Emergency Binder,"The file everyone means to make. Personal Life Affairs Companion asks one question at a time, only where it applies to you, and prints a book you can hand over when you're ready. Made by Draftpace. Personal Life Affairs Companion, $49 once.",https://draftpace.com/shop/personal-life-affairs-companion?utm_source=pinterest&utm_medium=organic_social&utm_campaign=maple_main&utm_content=personal-life-affairs-companion-01,2026-10-13T13:00:00,"if something happens to me, in case of emergency binder, life admin, adulting"
Flight Changed? See Everything Else It Affects in Your Trip,https://draftpace.com/store/pinterest-maple-main/finds/travel-companion-01.jpg,Travel Planning Tips,"When a flight moves, the real problem is everything booked around it. Record the change and Travel Companion walks through the transfer, the check-in and the reservation that depended on it. Made by Draftpace. Travel Companion, $34 once.",https://draftpace.com/shop/travel-companion?utm_source=pinterest&utm_medium=organic_social&utm_campaign=maple_main&utm_content=travel-companion-01,2026-10-13T15:30:00,"travel planning, flight delay tips, trip planner, travel hacks"
Car Maintenance Tracker: Keep the Interval Your Mechanic Quoted,https://draftpace.com/store/pinterest-maple-main/finds/vehicle-maintenance-companion-01.jpg,Car Care Tips,"The exact interval you were quoted for your specific car is easy to forget. Type it once in Vehicle Maintenance Companion and it stays against that vehicle for good, editable any time. Made by Draftpace. Vehicle Maintenance Companion, $34 once.",https://draftpace.com/shop/vehicle-maintenance-companion?utm_source=pinterest&utm_medium=organic_social&utm_campaign=maple_main&utm_content=vehicle-maintenance-companion-01,2026-10-13T18:00:00,"car maintenance tracker, car maintenance schedule, oil change reminder, car care tips"
ADHD Planner Alternative for When To-Do Lists Make It Worse,https://draftpace.com/store/pinterest-maple-main/finds/alongside-02.jpg,ADHD Life Hacks,"If every to-do list turns into a longer list of things you're behind on, this one's different. It shows what deserves your attention from dates you set yourself, and says plainly when nothing needs you. Made by Draftpace. ADHD Life Companion, $49 once.",https://draftpace.com/shop/alongside?utm_source=pinterest&utm_medium=organic_social&utm_campaign=maple_main&utm_content=alongside-02,2026-10-13T20:30:00,"adhd planner, adhd to do list, adhd organization, adhd productivity"
"Babysitter Info Sheet Printable: Allergies, Meds, Who to Call",https://draftpace.com/store/pinterest-maple-main/finds/family-health-binder-02.jpg,Family Organization Hacks,"A text message is not enough when a sitter needs to know what to avoid. Print a Caregiver sheet with allergies first and largest, what's taken, who to call and your own notes about bedtime and comforts. Made by Draftpace. Family Health Binder, $34 once.",https://draftpace.com/shop/family-health-binder?utm_source=pinterest&utm_medium=organic_social&utm_campaign=maple_main&utm_content=family-health-binder-02,2026-10-13T23:00:00,"babysitter information sheet, babysitter printable, grandparent info sheet, mom life hacks"
Home Repair Tracker: Separate What's Broken From What's Due,https://draftpace.com/store/pinterest-maple-main/finds/home-management-companion-02.jpg,Home Binder Ideas,"A dripping tap and an annual service are not the same kind of problem. Home Base keeps what's currently wrong separate from what's merely due, so the urgent thing never hides in a long list. Made by Draftpace. Home Base, $49 once.",https://draftpace.com/shop/home-management-companion?utm_source=pinterest&utm_medium=organic_social&utm_campaign=maple_main&utm_content=home-management-companion-02,2026-10-14T01:30:00,"home repair tracker, house maintenance, homeowner organization, home binder"
Homeschool Log: Remember What You Covered All Year,https://draftpace.com/store/pinterest-maple-main/finds/homeschooling-companion-02.jpg,Homeschool Organization,"Mid-year memory is not a record. Homeschooling Companion keeps what you actually did as it happened, so March you can answer October's questions. Made by Draftpace. Homeschooling Companion, $34 once.",https://draftpace.com/shop/homeschooling-companion?utm_source=pinterest&utm_medium=organic_social&utm_campaign=maple_main&utm_content=homeschooling-companion-02,2026-10-14T13:00:00,"homeschool log, homeschool planner, homeschool records, homeschool tips"
Available Balance vs Bills: See What's Really Yours to Spend,https://draftpace.com/store/pinterest-maple-main/finds/monthly-money-reset-02.jpg,Budgeting for Beginners,"A bill you haven't paid yet still feels like money you have. In Monthly Money Reset, protected bills stay held back whether they're paid or not, so the number never counts money you owe. Free to use. Made by Draftpace.",https://draftpace.com/free?utm_source=pinterest&utm_medium=organic_social&utm_campaign=maple_main&utm_content=monthly-money-reset-02,2026-10-14T15:30:00,"budgeting tips, paycheck to paycheck, bill tracker, money management"
Debt Payoff Plan: See the Month You'll Be Debt Free,https://draftpace.com/store/pinterest-maple-main/finds/personal-finance-companion-02.jpg,Money Organization Tips,"Stop guessing. Personal Finance Companion builds a payoff plan from your own balances, rates and minimum payments: the month you're debt-free and the order your debts clear. Made by Draftpace. Personal Finance Companion, $49 once.",https://draftpace.com/shop/personal-finance-companion?utm_source=pinterest&utm_medium=organic_social&utm_campaign=maple_main&utm_content=personal-finance-companion-02,2026-10-14T18:00:00,"debt payoff plan, debt free journey, pay off debt, debt tracker"
In Case of Emergency Binder: Start With What Matters Most,https://draftpace.com/store/pinterest-maple-main/finds/personal-life-affairs-companion-02.jpg,Life Admin and Emergency Binder,"The things that cost the most to leave undone come first: who decides, who to call, where the will is, and who's named on the forms that override it. Made by Draftpace. Personal Life Affairs Companion, $49 once.",https://draftpace.com/shop/personal-life-affairs-companion?utm_source=pinterest&utm_medium=organic_social&utm_campaign=maple_main&utm_content=personal-life-affairs-companion-02,2026-10-14T20:30:00,"in case of emergency binder, where is my will, estate planning organization, family binder"
Travel Organization: Every Confirmation Number in One Place,https://draftpace.com/store/pinterest-maple-main/finds/travel-companion-02.jpg,Travel Planning Tips,"When the desk asks for the confirmation number, it's in one of six inboxes and a screenshot. Travel Companion keeps what you booked, who it's for and what it depends on in one place. Made by Draftpace. Travel Companion, $34 once.",https://draftpace.com/shop/travel-companion?utm_source=pinterest&utm_medium=organic_social&utm_campaign=maple_main&utm_content=travel-companion-02,2026-10-14T23:00:00,"travel organization, travel documents organizer, trip planning, travel tips"
Avoid Surprise Car Repair Bills: Put Your Request in Writing,https://draftpace.com/store/pinterest-maple-main/finds/vehicle-maintenance-companion-02.jpg,Car Care Tips,"A routine visit turns into a much bigger bill. Print a dated, mileage-stamped Service Boundary that says what you're requesting today and that nothing else is authorized without a conversation. Made by Draftpace. Vehicle Maintenance Companion, $34 once.",https://draftpace.com/shop/vehicle-maintenance-companion?utm_source=pinterest&utm_medium=organic_social&utm_campaign=maple_main&utm_content=vehicle-maintenance-companion-02,2026-10-15T01:30:00,"car repair tips, mechanic tips, car maintenance, save money on car repairs"
ADHD Task Paralysis Tips: 3 Ways to Start When You're Stuck,https://draftpace.com/store/pinterest-maple-main/finds/alongside-03.jpg,ADHD Life Hacks,"Task paralysis is real, and a bigger system is not the fix. The ADHD Life Companion helps with one thing today with nothing set up first, remembers exactly where you stopped, and stays out of the way until the date you chose. Made by Draftpace. ADHD Life Companion, $49 once.",https://draftpace.com/shop/alongside?utm_source=pinterest&utm_medium=organic_social&utm_campaign=maple_main&utm_content=alongside-03,2026-10-15T13:00:00,"adhd task paralysis, how to start tasks with adhd, adhd tips, executive function"
Family Medical Binder Printables: 5 Pages Every Family Needs,https://draftpace.com/store/pinterest-maple-main/finds/family-health-binder-03.jpg,Family Organization Hacks,"The five pages that do the work: a Forms sheet, a Caregiver sheet, an Emergency card, a Visit page and an Intake summary, all on US Letter and all printed from what you entered once. Made by Draftpace. Family Health Binder, $34 once.",https://draftpace.com/shop/family-health-binder?utm_source=pinterest&utm_medium=organic_social&utm_campaign=maple_main&utm_content=family-health-binder-03,2026-10-15T15:30:00,"family medical binder, medical binder printables, home organization printables, family binder"
Easy Home Maintenance for People Who Hate Home Maintenance,https://draftpace.com/store/pinterest-maple-main/finds/home-management-companion-03.jpg,Seasonal Home Care,"Set up by tapping instead of typing, get seasonal jobs in the month they actually belong, and hear about the expensive stuff before it turns into a repair. One hour of setup, then it remembers. Made by Draftpace. Home Base, $49 once.",https://draftpace.com/shop/home-management-companion?utm_source=pinterest&utm_medium=organic_social&utm_campaign=maple_main&utm_content=home-management-companion-03,2026-10-15T18:00:00,"home maintenance, homeowner hacks, house checklist, seasonal home maintenance"
"Homeschool Planner Printables: Year, Week, Day, Reading Log",https://draftpace.com/store/pinterest-maple-main/finds/homeschooling-companion-03.jpg,Homeschool Organization,"Undated working pages for the whole year: year planner, weekly plan, daily log, subject record, reading log and days schooled, in a 30 page book you can print as often as you like. Made by Draftpace. Homeschooling Companion, $34 once.",https://draftpace.com/shop/homeschooling-companion?utm_source=pinterest&utm_medium=organic_social&utm_campaign=maple_main&utm_content=homeschooling-companion-03,2026-10-15T20:30:00,"homeschool planner printable, homeschool reading log, homeschool printables, homeschool planning"
"Budget for People Who Hate Budgeting: One Number, Free",https://draftpace.com/store/pinterest-maple-main/finds/monthly-money-reset-03.jpg,Budgeting for Beginners,"Tried every budget and quit? This isn't one. One number for what's safe to spend, a short weekly check-in, and a way back in after weeks away with no overdue pile-up. Free to use. Made by Draftpace.",https://draftpace.com/free?utm_source=pinterest&utm_medium=organic_social&utm_campaign=maple_main&utm_content=monthly-money-reset-03,2026-10-15T23:00:00,"budget for beginners, simple budget, budgeting tips, money saving tips"
Debt Snowball vs Avalanche Calculator on Your Own Numbers,https://draftpace.com/store/pinterest-maple-main/finds/personal-finance-companion-03.jpg,Money Organization Tips,"Snowball or avalanche? See both on your own balances, rates and minimums, with an extra amount you choose: the debt-free month either way and what the cheaper method saves. Made by Draftpace. Personal Finance Companion, $49 once.",https://draftpace.com/shop/personal-finance-companion?utm_source=pinterest&utm_medium=organic_social&utm_campaign=maple_main&utm_content=personal-finance-companion-03,2026-10-16T01:30:00,"debt snowball, debt avalanche, debt payoff, debt free tips"
ICE Binder Checklist: The 3 Things to Write Down First,https://draftpace.com/store/pinterest-maple-main/finds/personal-life-affairs-companion-03.jpg,Life Admin and Emergency Binder,"An in case of emergency binder doesn't start with every account. It starts with where the will is, who decides, who to call, and who's named on the beneficiary forms. Made by Draftpace. Personal Life Affairs Companion, $49 once.",https://draftpace.com/shop/personal-life-affairs-companion?utm_source=pinterest&utm_medium=organic_social&utm_campaign=maple_main&utm_content=personal-life-affairs-companion-03,2026-10-16T13:00:00,"ice binder, emergency binder checklist, estate planning, life binder"
Group Trip Planning Tips for the Friend Who Plans Everything,https://draftpace.com/store/pinterest-maple-main/finds/travel-companion-03.jpg,Travel Planning Tips,"Always the one everybody asks? Keep who's travelling, their requirements and documents, what each booking depends on, and packing lists per traveller in one place. Made by Draftpace. Travel Companion, $34 once.",https://draftpace.com/shop/travel-companion?utm_source=pinterest&utm_medium=organic_social&utm_campaign=maple_main&utm_content=travel-companion-03,2026-10-16T15:30:00,"group trip planning, family vacation planning, travel planner, trip organization"
Used Car With No Service Records: What to Do First,https://draftpace.com/store/pinterest-maple-main/finds/vehicle-maintenance-companion-03.jpg,Car Care Tips,"A used or inherited car with no history to check? Mark its history unknown and nothing is assumed done or overdue until you record a real fact. Usual jobs are suggested from fuel, age, mileage and use. Made by Draftpace. Vehicle Maintenance Companion, $34 once.",https://draftpace.com/shop/vehicle-maintenance-companion?utm_source=pinterest&utm_medium=organic_social&utm_campaign=maple_main&utm_content=vehicle-maintenance-companion-03,2026-10-16T18:00:00,"used car tips, buying a used car, car maintenance checklist, car care"
ADHD Unfinished Projects: Pick Up Exactly Where You Left Off,https://draftpace.com/store/pinterest-maple-main/finds/alongside-04.jpg,ADHD Life Hacks,"Coming back to a half finished thing costs more than starting it did. The ADHD Life Companion keeps a run you left half done and brings you back to the exact question, so picking it up isn't starting over. Made by Draftpace. ADHD Life Companion, $49 once.",https://draftpace.com/shop/alongside?utm_source=pinterest&utm_medium=organic_social&utm_campaign=maple_main&utm_content=alongside-04,2026-10-16T20:30:00,"adhd unfinished projects, adhd memory, adhd hacks, adhd organization tips"
Kids Symptom Tracker: Answer the Doctor's Questions Fast,https://draftpace.com/store/pinterest-maple-main/finds/family-health-binder-04.jpg,Family Organization Hacks,"No more reconstructing a symptom from memory under pressure. Family Health Binder keeps a symptom timeline per person with onset, duration and severity as real fields, recorded as it happens. Made by Draftpace. Family Health Binder, $34 once.",https://draftpace.com/shop/family-health-binder?utm_source=pinterest&utm_medium=organic_social&utm_campaign=maple_main&utm_content=family-health-binder-04,2026-10-16T23:00:00,"symptom tracker, kids health tracker, sick kid tips, pediatrician visit"
Seasonal Home Maintenance Reminders That Arrive on Time,https://draftpace.com/store/pinterest-maple-main/finds/home-management-companion-04.jpg,Seasonal Home Care,"Seasonal work gets remembered a year too late. Home Base raises it in the month it belongs to, gutters, outside taps and all, before it becomes a repair bill. Made by Draftpace. Home Base, $49 once.",https://draftpace.com/shop/home-management-companion?utm_source=pinterest&utm_medium=organic_social&utm_campaign=maple_main&utm_content=home-management-companion-04,2026-10-17T01:30:00,"seasonal home maintenance, gutter cleaning, winter home prep, home maintenance schedule"
Homeschooling Multiple Kids: One Daily Page per Child,https://draftpace.com/store/pinterest-maple-main/finds/homeschooling-companion-04.jpg,Homeschool Organization,"Keeping several children's records straight in your head stops working fast. Homeschooling Companion gives each child their own curriculum, subjects and plan, and one page each morning per child. Made by Draftpace. Homeschooling Companion, $34 once.",https://draftpace.com/shop/homeschooling-companion?utm_source=pinterest&utm_medium=organic_social&utm_campaign=maple_main&utm_content=homeschooling-companion-04,2026-10-17T13:00:00,"homeschooling multiple kids, homeschool schedule, homeschool mom life, homeschool organization"
Find Your Tightest Day of the Month Before It Happens,https://draftpace.com/store/pinterest-maple-main/finds/monthly-money-reset-04.jpg,Budgeting for Beginners,"The month can look fine on average and still go wrong on one day. Monthly Money Reset names the tightest day this cycle and the amount you'd be down to, worked out from dates you already entered. Free to use. Made by Draftpace.",https://draftpace.com/free?utm_source=pinterest&utm_medium=organic_social&utm_campaign=maple_main&utm_content=monthly-money-reset-04,2026-10-17T15:30:00,"paycheck to paycheck, money tips, budget planning, cash flow"
Monthly Bill Tracker: See What You've Paid at a Glance,https://draftpace.com/store/pinterest-maple-main/finds/personal-finance-companion-04.jpg,Money Organization Tips,"Can't remember which bills you've paid this month? Tick a bill paid and Personal Finance Companion works out what's left to pay from what you ticked. Made by Draftpace. Personal Finance Companion, $49 once.",https://draftpace.com/shop/personal-finance-companion?utm_source=pinterest&utm_medium=organic_social&utm_campaign=maple_main&utm_content=personal-finance-companion-04,2026-10-17T18:00:00,"bill tracker, monthly bills, bill payment checklist, money organization"
Getting Your Affairs in Order When You Don't Know Where to Start,https://draftpace.com/store/pinterest-maple-main/finds/personal-life-affairs-companion-04.jpg,Life Admin and Emergency Binder,"Never found a first step small enough to take? This asks one question at a time, chosen for you, instead of handing you a blank folder to organise yourself. Made by Draftpace. Personal Life Affairs Companion, $49 once.",https://draftpace.com/shop/personal-life-affairs-companion?utm_source=pinterest&utm_medium=organic_social&utm_campaign=maple_main&utm_content=personal-life-affairs-companion-04,2026-10-17T20:30:00,"get affairs in order, life admin, adulting checklist, estate planning tips"
Printable Trip Planner So Your Plans Aren't Only on Your Phone,https://draftpace.com/store/pinterest-maple-main/finds/travel-companion-04.jpg,Travel Planning Tips,"Your phone dies, the plan goes with it. Travel Companion prints a trip book you can carry, so the trip never depends on one device staying charged. Made by Draftpace. Travel Companion, $34 once.",https://draftpace.com/shop/travel-companion?utm_source=pinterest&utm_medium=organic_social&utm_campaign=maple_main&utm_content=travel-companion-04,2026-10-17T23:00:00,"printable travel planner, travel binder, trip itinerary, travel tips"
"Car Service History Log: Mileage, Date and Cost Every Time",https://draftpace.com/store/pinterest-maple-main/finds/vehicle-maintenance-companion-04.jpg,Car Care Tips,"Every service you record is kept with its day, mileage, who did it and what it cost, organised by year, so the next shop question has an answer. Made by Draftpace. Vehicle Maintenance Companion, $34 once.",https://draftpace.com/shop/vehicle-maintenance-companion?utm_source=pinterest&utm_medium=organic_social&utm_campaign=maple_main&utm_content=vehicle-maintenance-companion-04,2026-10-18T01:30:00,"car service log, oil change log, car maintenance log, vehicle records"
ADHD Brain Dump App: Everything You're Holding in One Place,https://draftpace.com/store/pinterest-maple-main/finds/alongside-05.jpg,ADHD Life Hacks,"A brain dump that actually comes back to you at the right moment: a date you set, somebody who has gone quiet, a thread you left a fortnight ago. Write it once and stop carrying it. Made by Draftpace. ADHD Life Companion, $49 once.",https://draftpace.com/shop/alongside?utm_source=pinterest&utm_medium=organic_social&utm_campaign=maple_main&utm_content=alongside-05,2026-10-18T13:00:00,"adhd brain dump, adhd life admin, adhd organization, mental load"
Family Health Information Organizer for Busy Parents,https://draftpace.com/store/pinterest-maple-main/finds/family-health-binder-05.jpg,Family Organization Hacks,"Medications, allergies, doctors, insurance, vaccines and emergency contacts for everyone in the family, reachable from your phone instead of locked in one binder on a shelf. Made by Draftpace. Family Health Binder, $34 once.",https://draftpace.com/shop/family-health-binder?utm_source=pinterest&utm_medium=organic_social&utm_campaign=maple_main&utm_content=family-health-binder-05,2026-10-18T15:30:00,"family health organizer, medical information sheet, family emergency binder, mom organization"
"Home Maintenance Schedule: 122 Kinds of Thing, Handled",https://draftpace.com/store/pinterest-maple-main/finds/home-management-companion-05.jpg,Seasonal Home Care,"A hand-built care schedule covering 122 kinds of thing, seasonal jobs included. The water heater, the gutters, the filters and the outside tap before the first freeze, raised before they become repairs. Made by Draftpace. Home Base, $49 once.",https://draftpace.com/shop/home-management-companion?utm_source=pinterest&utm_medium=organic_social&utm_campaign=maple_main&utm_content=home-management-companion-05,2026-10-18T18:00:00,"home maintenance schedule, water heater maintenance, home care checklist, homeowner checklist"
"Homeschool Handbook Printable: Method, Pages and Check Sheets",https://draftpace.com/store/pinterest-maple-main/finds/homeschooling-companion-05.jpg,Homeschool Organization,"A 30 page printed book: six chapters of method on running a week and what to record, undated working pages, and six check sheets of eight questions with the answer key kept at the back. Made by Draftpace. Homeschooling Companion, $34 once.",https://draftpace.com/shop/homeschooling-companion?utm_source=pinterest&utm_medium=organic_social&utm_campaign=maple_main&utm_content=homeschooling-companion-05,2026-10-18T20:30:00,"homeschool printables, homeschool handbook, homeschool binder, homeschool resources"
Small Money Wins: A Free Monthly Money Reset,https://draftpace.com/store/pinterest-maple-main/finds/monthly-money-reset-05.jpg,Budgeting for Beginners,"Small, doable money wins: know what's safe to spend, protect the bills first, spot the tightest day before it hits, and close the month with the balance carried into the next. Free to use. Made by Draftpace.",https://draftpace.com/free?utm_source=pinterest&utm_medium=organic_social&utm_campaign=maple_main&utm_content=monthly-money-reset-05,2026-10-18T23:00:00,"money reset, monthly reset, money challenge, budgeting ideas"
How to Split Bills With a Partner or Roommate Fairly,https://draftpace.com/store/pinterest-maple-main/finds/personal-finance-companion-05.jpg,Money Organization Tips,"Mark a bill or subscription shared, set your share, and tick it settled when it really is. A generated statement says what's settled and what's still owed. Made by Draftpace. Personal Finance Companion, $49 once.",https://draftpace.com/shop/personal-finance-companion?utm_source=pinterest&utm_medium=organic_social&utm_campaign=maple_main&utm_content=personal-finance-companion-05,2026-10-19T01:30:00,"split bills, couples finances, roommate bills, shared expenses"
Printable Life Binder Your Family Can Use Without a Login,https://draftpace.com/store/pinterest-maple-main/finds/personal-life-affairs-companion-05.jpg,Life Admin and Emergency Binder,"My Affairs is a printable book in your own words. It opens on what somebody would be trying to do first, so a person who has never used the app could pick it up and use it. Made by Draftpace. Personal Life Affairs Companion, $49 once.",https://draftpace.com/shop/personal-life-affairs-companion?utm_source=pinterest&utm_medium=organic_social&utm_campaign=maple_main&utm_content=personal-life-affairs-companion-05,2026-10-19T13:00:00,"life binder printable, family emergency binder, what to do when i die binder, legacy binder"
Multi-Stop Trip Planner Without a Spreadsheet,https://draftpace.com/store/pinterest-maple-main/finds/travel-companion-05.jpg,Travel Planning Tips,"Destinations, bookings, travellers and documents in one place, the whole trip laid out day by day, and starter packing lists by trip type. No spreadsheet to maintain. Made by Draftpace. Travel Companion, $34 once.",https://draftpace.com/shop/travel-companion?utm_source=pinterest&utm_medium=organic_social&utm_campaign=maple_main&utm_content=travel-companion-05,2026-10-19T15:30:00,"multi stop trip, itinerary template, road trip planner, europe trip planning"
Selling Your Car: How to Show Its Service History,https://draftpace.com/store/pinterest-maple-main/finds/vehicle-maintenance-companion-05.jpg,Car Care Tips,"No proof the car was looked after when it's time to sell? Every service you record prints as a service record that says plainly it's your own, with dates, mileage, who did it and cost. Made by Draftpace. Vehicle Maintenance Companion, $34 once.",https://draftpace.com/shop/vehicle-maintenance-companion?utm_source=pinterest&utm_medium=organic_social&utm_campaign=maple_main&utm_content=vehicle-maintenance-companion-05,2026-10-19T18:00:00,"selling a car tips, car service history, car resale value, car maintenance records"
ADHD-Friendly Planner That Doesn't Make You Feel Like You Failed,https://draftpace.com/store/pinterest-maple-main/finds/alongside-06.jpg,ADHD Life Hacks,"Every system eventually tells you that you failed at it. This one keeps a record of what actually happened, in your own words, and never once says you fell behind. For ADHD brains and anyone running on low executive function. Made by Draftpace. ADHD Life Companion, $49 once.",https://draftpace.com/shop/alongside?utm_source=pinterest&utm_medium=organic_social&utm_campaign=maple_main&utm_content=alongside-06,2026-10-19T20:30:00,"adhd planner, adhd friendly planner, adhd shame, gentle productivity"
Questions to Ask the Doctor: Printable Visit Page,https://draftpace.com/store/pinterest-maple-main/finds/family-health-binder-06.jpg,Family Organization Hacks,"The questions vanish the second you sit down. Write them before the appointment, note what was said after, and print a Visit page with a box to tick for each question. Made by Draftpace. Family Health Binder, $34 once.",https://draftpace.com/shop/family-health-binder?utm_source=pinterest&utm_medium=organic_social&utm_campaign=maple_main&utm_content=family-health-binder-06,2026-10-19T23:00:00,"doctor appointment checklist, questions to ask doctor, health binder, appointment printable"
First Time Homeowner Checklist: Start With 12 Areas,https://draftpace.com/store/pinterest-maple-main/finds/home-management-companion-06.jpg,Home Binder Ideas,"First home and no idea what needs doing? Home Base splits a house into twelve areas, from kitchen and laundry to structure and renting. Tap what you have and it tells you what each one needs and roughly when. Made by Draftpace. Home Base, $49 once.",https://draftpace.com/shop/home-management-companion?utm_source=pinterest&utm_medium=organic_social&utm_campaign=maple_main&utm_content=home-management-companion-06,2026-10-20T01:30:00,"first time homeowner, new home checklist, homeowner tips, home organization"
Homeschool Requirements by State: See What You're Missing,https://draftpace.com/store/pinterest-maple-main/finds/homeschooling-companion-06.jpg,Homeschool Organization,"Not sure what your state actually asks you to keep? Homeschooling Companion sets your state's record keeping requirements beside what you've recorded, on the printed record, so you see the gap first. Made by Draftpace. Homeschooling Companion, $34 once.",https://draftpace.com/shop/homeschooling-companion?utm_source=pinterest&utm_medium=organic_social&utm_campaign=maple_main&utm_content=homeschooling-companion-06,2026-10-20T13:00:00,"homeschool requirements by state, homeschool laws, homeschool evaluation, homeschool records"
Paycheck to Paycheck Budgeting: Find Your Tightest Day,https://draftpace.com/store/pinterest-maple-main/finds/monthly-money-reset-06.jpg,Budgeting for Beginners,"When money is tight, the average month doesn't matter. The tightest day does. Monthly Money Reset shows it beside your Safe-to-Spend number whenever your balance dips before it recovers. Free to use. Made by Draftpace.",https://draftpace.com/free?utm_source=pinterest&utm_medium=organic_social&utm_campaign=maple_main&utm_content=monthly-money-reset-06,2026-10-20T15:30:00,"paycheck to paycheck budget, budgeting for beginners, money tips, low income budget"
Monthly Budget Planner: What a Normal Month Really Costs,https://draftpace.com/store/pinterest-maple-main/finds/personal-finance-companion-06.jpg,Money Organization Tips,"What comes in, what goes out, what's set aside for each goal and what's left, written out from what you recorded. Anything it couldn't count is named underneath. Made by Draftpace. Personal Finance Companion, $49 once.",https://draftpace.com/shop/personal-finance-companion?utm_source=pinterest&utm_medium=organic_social&utm_campaign=maple_main&utm_content=personal-finance-companion-06,2026-10-20T18:00:00,"monthly budget, budget planner, monthly expenses, budgeting tips"
Beneficiary vs Will: Why Your Forms May Override Your Will,https://draftpace.com/store/pinterest-maple-main/finds/personal-life-affairs-companion-06.jpg,Life Admin and Emergency Binder,"A pension, 401(k) or life policy often goes to whoever is named on the form, not your will. Personal Life Affairs Companion raises who's named on yours as one of the first things it asks. Made by Draftpace. Personal Life Affairs Companion, $49 once.",https://draftpace.com/shop/personal-life-affairs-companion?utm_source=pinterest&utm_medium=organic_social&utm_campaign=maple_main&utm_content=personal-life-affairs-companion-06,2026-10-20T20:30:00,"beneficiary vs will, estate planning, life insurance tips, 401k beneficiary"
Time Zone Travel Tips: Never Mix Up Your Dates Again,https://draftpace.com/store/pinterest-maple-main/finds/travel-companion-06.jpg,Travel Planning Tips,"A booking crosses a time zone and suddenly you're not sure it's still today. Each place in Travel Companion carries its real time zone, so today means today where you actually are. Made by Draftpace. Travel Companion, $34 once.",https://draftpace.com/shop/travel-companion?utm_source=pinterest&utm_medium=organic_social&utm_campaign=maple_main&utm_content=travel-companion-06,2026-10-20T23:00:00,"time zone travel, international travel tips, travel hacks, trip planning"
Car Maintenance App Without the Fake Urgency,https://draftpace.com/store/pinterest-maple-main/finds/vehicle-maintenance-companion-06.jpg,Car Care Tips,"Most maintenance apps become a list of manufactured urgency you stop opening. This one is a single ranked screen of what's actually due, no score, and a plain 'nothing is due' when that's true. Made by Draftpace. Vehicle Maintenance Companion, $34 once.",https://draftpace.com/shop/vehicle-maintenance-companion?utm_source=pinterest&utm_medium=organic_social&utm_campaign=maple_main&utm_content=vehicle-maintenance-companion-06,2026-10-21T01:30:00,"car maintenance app, car care, vehicle maintenance, car care for beginners"
"Life Admin With Brain Fog: Long Covid, Grief, New Parenthood",https://draftpace.com/store/pinterest-maple-main/finds/alongside-07.jpg,ADHD Life Hacks,"When brain fog from long covid, grief, new parenthood or illness makes life admin feel impossible, start with one thing. The ADHD Life Companion is built for the difficulty, not the diagnosis, and asks nothing about why. Made by Draftpace. ADHD Life Companion, $49 once.",https://draftpace.com/shop/alongside?utm_source=pinterest&utm_medium=organic_social&utm_campaign=maple_main&utm_content=alongside-07,2026-10-21T13:00:00,"brain fog, long covid brain fog, life admin, executive dysfunction"
Medication List Template That Stays Up to Date,https://draftpace.com/store/pinterest-maple-main/finds/family-health-binder-07.jpg,Family Organization Hacks,"A medicine stopped in spring shouldn't still be on the list you hand over in fall. Mark it stopped and it leaves every printed page, stays in the record, and the list says when you last checked it. Made by Draftpace. Family Health Binder, $34 once.",https://draftpace.com/shop/family-health-binder?utm_source=pinterest&utm_medium=organic_social&utm_campaign=maple_main&utm_content=family-health-binder-07,2026-10-21T15:30:00,"medication list, medication tracker, family health binder, caregiver organization"
Water Heater Maintenance and the Jobs Homeowners Forget,https://draftpace.com/store/pinterest-maple-main/finds/home-management-companion-07.jpg,Seasonal Home Care,"The expensive stuff gets caught too late, as a repair. Home Base raises the water heater, the gutters and the outside tap before they turn into a bill, then goes quiet again. Made by Draftpace. Home Base, $49 once.",https://draftpace.com/shop/home-management-companion?utm_source=pinterest&utm_medium=organic_social&utm_campaign=maple_main&utm_content=home-management-companion-07,2026-10-21T18:00:00,"water heater maintenance, home maintenance tips, homeowner hacks, house care"
How to Know If Your Homeschooler Actually Learned It,https://draftpace.com/store/pinterest-maple-main/finds/homeschooling-companion-07.jpg,Homeschool Organization,"Covered is not learned. Short checks of eight questions per topic, reported one topic at a time, including the answer that there isn't enough evidence to say yet. Made by Draftpace. Homeschooling Companion, $34 once.",https://draftpace.com/shop/homeschooling-companion?utm_source=pinterest&utm_medium=organic_social&utm_campaign=maple_main&utm_content=homeschooling-companion-07,2026-10-21T20:30:00,"homeschool assessment, homeschool tips, learning check, homeschool curriculum"
How to Restart Budgeting After You Fell Off,https://draftpace.com/store/pinterest-maple-main/finds/monthly-money-reset-07.jpg,Budgeting for Beginners,"Most budgets get abandoned by month two because catching up feels worse than starting. Monthly Money Reset has a short weekly check-in and a way back in after weeks away, with no pile-up waiting. Free to use. Made by Draftpace.",https://draftpace.com/free?utm_source=pinterest&utm_medium=organic_social&utm_campaign=maple_main&utm_content=monthly-money-reset-07,2026-10-21T23:00:00,"budget restart, budgeting tips, money reset, financial fresh start"
"Import Bank Statement CSV Into Your Budget, No Retyping",https://draftpace.com/store/pinterest-maple-main/finds/personal-finance-companion-07.jpg,Money Organization Tips,"Reviewing a statement shouldn't mean typing it all again. Import a bank statement, a note or a CSV and review what changed before anything joins your picture. Made by Draftpace. Personal Finance Companion, $49 once.",https://draftpace.com/shop/personal-finance-companion?utm_source=pinterest&utm_medium=organic_social&utm_campaign=maple_main&utm_content=personal-finance-companion-07,2026-10-22T01:30:00,"bank statement csv, budget spreadsheet, expense tracker, money organization"
Keep Your Emergency Binder Up to Date Without Starting Over,https://draftpace.com/store/pinterest-maple-main/finds/personal-life-affairs-companion-07.jpg,Life Admin and Emergency Binder,"Things written down once stop being true. Entries come back for a second look on their own schedule, and every change is kept, so you can still see what it used to say. Made by Draftpace. Personal Life Affairs Companion, $49 once.",https://draftpace.com/shop/personal-life-affairs-companion?utm_source=pinterest&utm_medium=organic_social&utm_campaign=maple_main&utm_content=personal-life-affairs-companion-07,2026-10-22T13:00:00,"update emergency binder, life admin, estate planning organization, family binder"
One Way Trip Planning When You Don't Have a Return Date,https://draftpace.com/store/pinterest-maple-main/finds/travel-companion-07.jpg,Travel Planning Tips,"Every planner wants a return date you don't have yet. For a trip abroad, add your visa's expiry once and Travel Companion fills a placeholder return date until you book the real flight. Made by Draftpace. Travel Companion, $34 once.",https://draftpace.com/shop/travel-companion?utm_source=pinterest&utm_medium=organic_social&utm_campaign=maple_main&utm_content=travel-companion-07,2026-10-22T15:30:00,"one way trip, long term travel, travel planning tips, digital nomad"
Severe Driving Conditions: Adjust Your Car Maintenance Intervals,https://draftpace.com/store/pinterest-maple-main/finds/vehicle-maintenance-companion-07.jpg,Car Care Tips,"Towing or short-trip driving shortens some intervals, not all. Turn on severe duty for one job and it halves only the interval you actually entered, changeable any time. Made by Draftpace. Vehicle Maintenance Companion, $34 once.",https://draftpace.com/shop/vehicle-maintenance-companion?utm_source=pinterest&utm_medium=organic_social&utm_campaign=maple_main&utm_content=vehicle-maintenance-companion-07,2026-10-22T18:00:00,"severe driving conditions, oil change interval, car maintenance tips, towing tips"
Scripts for Hard Phone Calls and Emails When You Have ADHD,https://draftpace.com/store/pinterest-maple-main/finds/alongside-08.jpg,ADHD Life Hacks,"Suggested opening wording for the hardest calls and emails, and eight walk-throughs for the situations that are hardest to start. One question at a time, so the first step is never the whole task. Made by Draftpace. ADHD Life Companion, $49 once.",https://draftpace.com/shop/alongside?utm_source=pinterest&utm_medium=organic_social&utm_campaign=maple_main&utm_content=alongside-08,2026-10-22T20:30:00,"phone call script, adhd email, adhd tips for adults, procrastination help"
Sandwich Generation Organization: Kids and Aging Parent Health,https://draftpace.com/store/pinterest-maple-main/finds/family-health-binder-08.jpg,Family Organization Hacks,"When you're responsible for your kids and an aging parent, their facts can't all live in your head. One card per person, adults and children alike, including a parent you look after. Made by Draftpace. Family Health Binder, $34 once.",https://draftpace.com/shop/family-health-binder?utm_source=pinterest&utm_medium=organic_social&utm_campaign=maple_main&utm_content=family-health-binder-08,2026-10-22T23:00:00,"sandwich generation, caregiver organization, aging parents, family organization"
Room by Room Home Maintenance Checklist for Homeowners,https://draftpace.com/store/pinterest-maple-main/finds/home-management-companion-08.jpg,Home Binder Ideas,"Room-by-room beats a giant list. Tap what your home has across twelve areas and Home Base tells you what each one needs and roughly when, before anything becomes a repair. Made by Draftpace. Home Base, $49 once.",https://draftpace.com/shop/home-management-companion?utm_source=pinterest&utm_medium=organic_social&utm_campaign=maple_main&utm_content=home-management-companion-08,2026-10-23T01:30:00,"room by room checklist, home maintenance, cleaning and maintenance, house organization"
Gentle Homeschool Assessment Ideas: No Tests Needed,https://draftpace.com/store/pinterest-maple-main/finds/homeschooling-companion-08.jpg,Homeschool Organization,"Want to know whether something landed without making it feel like a test? Six printable check sheets of eight questions, 71 curriculum-neutral topics, and the answer key kept at the back where the child can't read it. Made by Draftpace. Homeschooling Companion, $34 once.",https://draftpace.com/shop/homeschooling-companion?utm_source=pinterest&utm_medium=organic_social&utm_campaign=maple_main&utm_content=homeschooling-companion-08,2026-10-23T13:00:00,"homeschool assessment ideas, gentle homeschooling, homeschool printables, homeschool learning"
Weekly Money Check-In: A 5 Minute Budget Routine,https://draftpace.com/store/pinterest-maple-main/finds/monthly-money-reset-08.jpg,Budgeting for Beginners,"A weekly money routine small enough to keep: any income in or changed, any bill changed or paid, any spending you haven't added. Monthly Money Reset keeps the number right in between. Free to use. Made by Draftpace.",https://draftpace.com/free?utm_source=pinterest&utm_medium=organic_social&utm_campaign=maple_main&utm_content=monthly-money-reset-08,2026-10-23T15:30:00,"weekly money routine, budget check in, money habits, budgeting for beginners"
Money Tracker That Flags Problems Before They Cost You,https://draftpace.com/store/pinterest-maple-main/finds/personal-finance-companion-08.jpg,Money Organization Tips,"Find out something's off before it's a problem. A real Attention inbox shows only real gaps in your own records, never a task invented to look busy, plus one useful next move. Made by Draftpace. Personal Finance Companion, $49 once.",https://draftpace.com/shop/personal-finance-companion?utm_source=pinterest&utm_medium=organic_social&utm_campaign=maple_main&utm_content=personal-finance-companion-08,2026-10-23T18:00:00,"money tracker, financial organization, budgeting app, personal finance"
Life Changes That Mean You Should Update Your Paperwork,https://draftpace.com/store/pinterest-maple-main/finds/personal-life-affairs-companion-08.jpg,Life Admin and Emergency Binder,"Moving, separating, or losing someone you named: each life event brings forward exactly what it made untrue, so your affairs stay right after things change. Made by Draftpace. Personal Life Affairs Companion, $49 once.",https://draftpace.com/shop/personal-life-affairs-companion?utm_source=pinterest&utm_medium=organic_social&utm_campaign=maple_main&utm_content=personal-life-affairs-companion-08,2026-10-23T20:30:00,"life changes paperwork, update will, life admin checklist, adulting"
What to Do When Travel Goes Wrong: Step by Step,https://draftpace.com/store/pinterest-maple-main/finds/travel-companion-08.jpg,Travel Planning Tips,"Nine walk-throughs for when something goes wrong, from a flight change to something lost or stolen, plus open threads for anything you're still waiting to hear back on. Made by Draftpace. Travel Companion, $34 once.",https://draftpace.com/shop/travel-companion?utm_source=pinterest&utm_medium=organic_social&utm_campaign=maple_main&utm_content=travel-companion-08,2026-10-23T23:00:00,"travel emergency, flight cancelled what to do, lost passport, travel tips"
Car Maintenance for Beginners Who Don't Speak Mechanic,https://draftpace.com/store/pinterest-maple-main/finds/vehicle-maintenance-companion-08.jpg,Car Care Tips,"Not a car person? Start from a short list of typical intervals, always labelled typical and always editable, and change any of them to what your manual says. Made by Draftpace. Vehicle Maintenance Companion, $34 once.",https://draftpace.com/shop/vehicle-maintenance-companion?utm_source=pinterest&utm_medium=organic_social&utm_campaign=maple_main&utm_content=vehicle-maintenance-companion-08,2026-10-24T01:30:00,"car maintenance for beginners, car tips, first car, car care checklist"
ADHD Procrastination: When the Same Task Sits for Weeks,https://draftpace.com/store/pinterest-maple-main/finds/alongside-09.jpg,ADHD Life Hacks,"Knowing exactly what to do and still not starting is not laziness. The ADHD Life Companion walks you through the hard version of it one question at a time, with the opening line ready. Made by Draftpace. ADHD Life Companion, $49 once.",https://draftpace.com/shop/alongside?utm_source=pinterest&utm_medium=organic_social&utm_campaign=maple_main&utm_content=alongside-09,2026-10-24T13:00:00,"adhd procrastination, executive dysfunction, adhd memes, adhd help"
Summer Camp Forms: Have Health Info and Insurance Ready,https://draftpace.com/store/pinterest-maple-main/finds/family-health-binder-09.jpg,Family Organization Hacks,"Camp, school and sports forms every year, and the insurance number is never where you look. Keep it once in Family Health Binder and print it in the order forms ask. Made by Draftpace. Family Health Binder, $34 once.",https://draftpace.com/shop/family-health-binder?utm_source=pinterest&utm_medium=organic_social&utm_campaign=maple_main&utm_content=family-health-binder-09,2026-10-24T15:30:00,"summer camp forms, camp checklist, mom hacks, kids health records"
How Often to Service Your Furnace and Other Home Systems,https://draftpace.com/store/pinterest-maple-main/finds/home-management-companion-09.jpg,Seasonal Home Care,"Most homeowners are guessing. Home Base comes with a care schedule for 122 kinds of thing and raises each job in the month it belongs to, so you stop guessing and start knowing. Made by Draftpace. Home Base, $49 once.",https://draftpace.com/shop/home-management-companion?utm_source=pinterest&utm_medium=organic_social&utm_campaign=maple_main&utm_content=home-management-companion-09,2026-10-24T18:00:00,"furnace maintenance, hvac maintenance, home maintenance schedule, homeowner tips"
Homeschool Planner That Works on Paper and on Screen,https://draftpace.com/store/pinterest-maple-main/finds/homeschooling-companion-09.jpg,Homeschool Organization,"Some weeks you want a pencil, some weeks a screen. The Homeschool Year book keeps working on paper whether or not you open the app, and the app keeps the record when you do. Made by Draftpace. Homeschooling Companion, $34 once.",https://draftpace.com/shop/homeschooling-companion?utm_source=pinterest&utm_medium=organic_social&utm_campaign=maple_main&utm_content=homeschooling-companion-09,2026-10-24T20:30:00,"homeschool planner, paper planner, homeschool organization ideas, homeschool mom"
Stop Doing Mental Math: Know What's Safe to Spend,https://draftpace.com/store/pinterest-maple-main/finds/monthly-money-reset-09.jpg,Budgeting for Beginners,"No more adding it up in your head at the register. Monthly Money Reset keeps one Safe-to-Spend number that updates as the month goes on, with every figure behind it a tap away. Free to use. Made by Draftpace.",https://draftpace.com/free?utm_source=pinterest&utm_medium=organic_social&utm_campaign=maple_main&utm_content=monthly-money-reset-09,2026-10-24T23:00:00,"money tips, spending tracker, budgeting hacks, frugal living"
Subscription Tracker: Find the Ones You Forgot About,https://draftpace.com/store/pinterest-maple-main/finds/personal-finance-companion-09.jpg,Money Organization Tips,"Subscriptions get their own area with amounts and renewal dates, and a missing renewal date shows up in Attention instead of being ignored. Made by Draftpace. Personal Finance Companion, $49 once.",https://draftpace.com/shop/personal-finance-companion?utm_source=pinterest&utm_medium=organic_social&utm_campaign=maple_main&utm_content=personal-finance-companion-09,2026-10-25T01:30:00,"subscription tracker, cancel subscriptions, save money tips, money saving"
Could Your Family Manage Your Affairs? A Handoff Check,https://draftpace.com/store/pinterest-maple-main/finds/personal-life-affairs-companion-09.jpg,Life Admin and Emergency Binder,"Not 'how much have you finished' but 'could somebody else manage'. A handoff check answers scenario by scenario, by what someone would be trying to do, and names the one thing worth fixing first. Made by Draftpace. Personal Life Affairs Companion, $49 once.",https://draftpace.com/shop/personal-life-affairs-companion?utm_source=pinterest&utm_medium=organic_social&utm_campaign=maple_main&utm_content=personal-life-affairs-companion-09,2026-10-25T13:00:00,"family emergency plan, estate planning, what to do when someone dies, life admin"
Family Trip Organization: Today's Plan on One Screen,https://draftpace.com/store/pinterest-maple-main/finds/travel-companion-09.jpg,Travel Planning Tips,"Tired of being the group's itinerary? Travel Companion shows today's state of the trip on one screen, and on days the trip needs nothing from you, it says so. Made by Draftpace. Travel Companion, $34 once.",https://draftpace.com/shop/travel-companion?utm_source=pinterest&utm_medium=organic_social&utm_campaign=maple_main&utm_content=travel-companion-09,2026-10-25T15:30:00,"family trip planning, group travel, vacation itinerary, travel organization"
Dealer vs Owner's Manual: Which Maintenance Schedule to Follow,https://draftpace.com/store/pinterest-maple-main/finds/vehicle-maintenance-companion-09.jpg,Car Care Tips,"Enter the interval you actually believe and it's kept against that car. Nothing here overrides your number with its own. Made by Draftpace. Vehicle Maintenance Companion, $34 once.",https://draftpace.com/shop/vehicle-maintenance-companion?utm_source=pinterest&utm_medium=organic_social&utm_campaign=maple_main&utm_content=vehicle-maintenance-companion-09,2026-10-25T18:00:00,"car maintenance schedule, dealer maintenance, owners manual, car tips"
Best Planner for ADHD Adults Who Gave Up on Planners,https://draftpace.com/store/pinterest-maple-main/finds/alongside-10.jpg,ADHD Life Hacks,"If planners became one more thing to feel behind on, this is the find. No setup before it helps, only what deserves attention today, and a record in your own words that never grades you. Made by Draftpace. ADHD Life Companion, $49 once.",https://draftpace.com/shop/alongside?utm_source=pinterest&utm_medium=organic_social&utm_campaign=maple_main&utm_content=alongside-10,2026-10-25T20:30:00,"planner for adhd, adhd adults, adhd organization ideas, adhd apps"
Family Health Records: Keep Private Details Off Printouts,https://draftpace.com/store/pinterest-maple-main/finds/family-health-binder-10.jpg,Family Organization Hacks,"Not everything belongs on a page you hand to a stranger. Make any allergy, medication, symptom, vaccine or visit private, and every printed page leaves it off and says how many it left out. Made by Draftpace. Family Health Binder, $34 once.",https://draftpace.com/shop/family-health-binder?utm_source=pinterest&utm_medium=organic_social&utm_campaign=maple_main&utm_content=family-health-binder-10,2026-10-25T23:00:00,"health records privacy, family health binder, medical organization, mom organization tips"
Home Organization App for Homeowners Who Hate Notifications,https://draftpace.com/store/pinterest-maple-main/finds/home-management-companion-10.jpg,Home Binder Ideas,"No endless dashboard. Home Base says what's due this week, keeps what's wrong right now separate, and reminds you before something becomes expensive. On quiet weeks it says so. Made by Draftpace. Home Base, $49 once.",https://draftpace.com/shop/home-management-companion?utm_source=pinterest&utm_medium=organic_social&utm_campaign=maple_main&utm_content=home-management-companion-10,2026-10-26T01:30:00,"home organization app, home maintenance app, homeowner organization, home binder ideas"
Homeschool Tracker That Works With Any Curriculum,https://draftpace.com/store/pinterest-maple-main/finds/homeschooling-companion-10.jpg,Homeschool Organization,"You chose your curriculum on purpose. Homeschooling Companion follows it, for as many children as you teach, and prints a record per child with only what you chose to include. Made by Draftpace. Homeschooling Companion, $34 once.",https://draftpace.com/shop/homeschooling-companion?utm_source=pinterest&utm_medium=organic_social&utm_campaign=maple_main&utm_content=homeschooling-companion-10,2026-10-26T13:00:00,"homeschool tracker, any curriculum, homeschool portfolio, homeschool organization"
Free Money App for Beginners That Isn't a Full Budget,https://draftpace.com/store/pinterest-maple-main/finds/monthly-money-reset-10.jpg,Budgeting for Beginners,"Want one clear number, not a full budget system? Safe-to-Spend, weekly check-ins, your tightest day and a next useful move, all from a few numbers a month. Free to use. Made by Draftpace.",https://draftpace.com/free?utm_source=pinterest&utm_medium=organic_social&utm_campaign=maple_main&utm_content=monthly-money-reset-10,2026-10-26T15:30:00,"free budget app, budgeting for beginners, money management tips, personal finance tips"
"Personal Finance Organizer: Accounts, Bills, Debt, Savings",https://draftpace.com/store/pinterest-maple-main/finds/personal-finance-companion-10.jpg,Money Organization Tips,"Accounts, income, bills, subscriptions, transactions, debt and savings in one place, with a breakdown of how every figure was worked out one tap away. Made by Draftpace. Personal Finance Companion, $49 once.",https://draftpace.com/shop/personal-finance-companion?utm_source=pinterest&utm_medium=organic_social&utm_campaign=maple_main&utm_content=personal-finance-companion-10,2026-10-26T18:00:00,"personal finance organizer, financial planner, money organization, finance binder"
Life Admin Binder That Skips Everything That Doesn't Apply,https://draftpace.com/store/pinterest-maple-main/finds/personal-life-affairs-companion-10.jpg,Life Admin and Emergency Binder,"Half of what a binder makes you fill in has nothing to do with your life. Here, everything that doesn't apply is absent entirely. 46 things in order, across eight areas of life. Made by Draftpace. Personal Life Affairs Companion, $49 once.",https://draftpace.com/shop/personal-life-affairs-companion?utm_source=pinterest&utm_medium=organic_social&utm_campaign=maple_main&utm_content=personal-life-affairs-companion-10,2026-10-26T20:30:00,"life admin binder, life binder, home organization binder, adulting tips"
Travel Journal Ideas: Remember What to Know Next Time,https://draftpace.com/store/pinterest-maple-main/finds/travel-companion-10.jpg,Travel Planning Tips,"Going back to the same place a year later and forgetting everything you learned? Keep a dated record of what happened and what's worth knowing next time. Finished trips stay readable and printable. Made by Draftpace. Travel Companion, $34 once.",https://draftpace.com/shop/travel-companion?utm_source=pinterest&utm_medium=organic_social&utm_campaign=maple_main&utm_content=travel-companion-10,2026-10-26T23:00:00,"travel journal, travel memories, trip record, travel planning"
"Car Organization: Service History, Paperwork and Costs",https://draftpace.com/store/pinterest-maple-main/finds/vehicle-maintenance-companion-10.jpg,Car Care Tips,"Service history by year, paperwork dates, a Service Boundary for the shop and costs over time, for as many vehicles as you own. Made by Draftpace. Vehicle Maintenance Companion, $34 once.",https://draftpace.com/shop/vehicle-maintenance-companion?utm_source=pinterest&utm_medium=organic_social&utm_campaign=maple_main&utm_content=vehicle-maintenance-companion-10,2026-10-27T01:30:00,"car organization, car binder, vehicle records, car maintenance"
