Title,Media URL,Pinterest board,Description,Link,Publish date,Keywords
Home Maintenance Log: What to Write Every Time,https://draftpace.com/store/pinterest-pins/homebase/pin-6.1.jpg,Home Maintenance Log,"A home maintenance log only works if it is short enough to actually fill in. Four fields matter: the date, what was done, who did it and what it cost. Add one note about what they said comes next. Here is how to keep one that gets used.",https://draftpace.com/guides/home-maintenance-log-template?utm_source=pinterest&utm_medium=organic_social&utm_campaign=homebase&utm_content=a06-1,2026-11-15T17:00:00,
Winter Car Prep Checklist,https://draftpace.com/store/pinterest-pins/vehicle/pin-6.1.jpg,Seasonal Car Care,"Cold is hard on batteries, tires and wipers. A short checklist for the weeks before the first hard frost, with room to write down what you find.",https://draftpace.com/guides/winter-car-prep-checklist?utm_source=pinterest&utm_medium=organic_social&utm_campaign=vehicle&utm_content=a06-1,2026-11-15T21:30:00,
Home Maintenance Tracker That Keeps Your House's History,https://draftpace.com/store/pinterest-pins/homebase/pin-6.2.jpg,Home Maintenance Log,"Every job you record stays in Home Base: what was done, when, by whom and what it cost. When something fails, you can see who touched it last. It also keeps the phone number, so next time is a lookup. $49 once.",https://draftpace.com/shop/home-management-companion?utm_source=pinterest&utm_medium=organic_social&utm_campaign=homebase&utm_content=a06-2,2026-11-15T21:30:00,
"Four Starter Lists: Before Winter, Long Drive, Yearly, By the Miles",https://draftpace.com/store/pinterest-pins/vehicle/pin-6.2.jpg,Seasonal Car Care,"Each list adds jobs with a typical starting interval you can change and nothing recorded against them, so none of it reads overdue. Take what you want. A web app. $34 once.",https://draftpace.com/shop/vehicle-maintenance-companion?utm_source=pinterest&utm_medium=organic_social&utm_campaign=vehicle&utm_content=a06-2,2026-11-16T00:00:00,
What to Write Down After Every Home Repair,https://draftpace.com/store/pinterest-pins/homebase/pin-6.3.jpg,Home Maintenance Log,"Five minutes after a technician leaves is worth an hour next time. Write down the date, what was done, who did it, what it cost, and what they said is coming next. The diagnosis matters more than the invoice.",https://draftpace.com/guides/what-to-keep-after-a-home-repair?utm_source=pinterest&utm_medium=organic_social&utm_campaign=homebase&utm_content=a06-3,2026-11-16T00:00:00,
Three Things the Cold Is Hard On,https://draftpace.com/store/pinterest-pins/vehicle/pin-6.3.jpg,Seasonal Car Care,"The three things most worth checking before winter, and what to look for.",https://draftpace.com/guides/winter-car-prep-checklist?utm_source=pinterest&utm_medium=organic_social&utm_campaign=vehicle&utm_content=a06-3,2026-11-16T04:00:00,
Stop Digging Through Drawers for the Repair Receipt,https://draftpace.com/store/pinterest-pins/homebase/pin-6.4.jpg,Home Maintenance Log,"The receipt is in a drawer, the invoice is in your email and the phone number is on a magnet. Home Base keeps one line: what was done, who did it, what it cost. It stores what you type, not the files. $49 once.",https://draftpace.com/shop/home-management-companion?utm_source=pinterest&utm_medium=organic_social&utm_campaign=homebase&utm_content=a06-4,2026-11-16T17:00:00,
Usual Jobs in One Tap,https://draftpace.com/store/pinterest-pins/vehicle/pin-6.4.jpg,Seasonal Car Care,Say what kind of vehicle it is and Vehicle Maintenance Companion suggests the usual jobs. Every interval is a starting point you can change and your manual is the real source. A web app. $34 once.,https://draftpace.com/shop/vehicle-maintenance-companion?utm_source=pinterest&utm_medium=organic_social&utm_campaign=vehicle&utm_content=a06-4,2026-11-16T21:30:00,
The Diagnosis Matters More Than the Invoice,https://draftpace.com/store/pinterest-pins/homebase/pin-6.5.jpg,Home Maintenance Log,"When a repair fails again, the invoice tells you what you paid. The diagnosis tells you why. Here is what to keep after a home repair, and why the note about what was wrong is the part that saves you money next time.",https://draftpace.com/guides/what-to-keep-after-a-home-repair?utm_source=pinterest&utm_medium=organic_social&utm_campaign=homebase&utm_content=a06-5,2026-11-16T21:30:00,
"Cold Is Hard on Batteries, Tires and Wipers",https://draftpace.com/store/pinterest-pins/vehicle/pin-6.5.jpg,Seasonal Car Care,A short reason to look before the first frost.,https://draftpace.com/guides/winter-car-prep-checklist?utm_source=pinterest&utm_medium=organic_social&utm_campaign=vehicle&utm_content=a06-5,2026-11-17T00:00:00,
"Furnace Filter Size: Write It Down Once, Never Guess Again",https://draftpace.com/store/pinterest-pins/homebase/pin-7.1.jpg,Appliance Care Tips,"Every filter change starts with the same question: what size is it? Write it down once, where you will find it. Here is how often to change a furnace or AC filter, what the numbers mean, and where to keep the size.",https://draftpace.com/guides/how-often-change-furnace-filter?utm_source=pinterest&utm_medium=organic_social&utm_campaign=homebase&utm_content=a07-1,2026-11-17T00:00:00,
"Two Cars, One Household: Keeping Maintenance Straight",https://draftpace.com/store/pinterest-pins/vehicle/pin-7.1.jpg,Car Binder and Glove Box Organization,With two cars it is easy to lose track of which one needs what. A simple way to keep each car's record separate and see both at once.,https://draftpace.com/guides/two-cars-one-household-maintenance?utm_source=pinterest&utm_medium=organic_social&utm_campaign=vehicle&utm_content=a07-1,2026-11-17T04:00:00,
Print the Item Card and Take It to the Hardware Store,https://draftpace.com/store/pinterest-pins/homebase/pin-7.2.jpg,Appliance Care Tips,"One page for one thing in your house: brand, model, location, what to buy, install date, warranty. Print it, or keep it in your phone. When the filter runs out, you know exactly what to ask for. $49 once, works in your browser.",https://draftpace.com/shop/home-management-companion?utm_source=pinterest&utm_medium=organic_social&utm_campaign=homebase&utm_content=a07-2,2026-11-17T17:00:00,
Every Car on One Strip,https://draftpace.com/store/pinterest-pins/vehicle/pin-7.2.jpg,Car Binder and Glove Box Organization,"With two or more vehicles, a strip of plates shows which one needs you, and one tap filters Due to that car. A web app. $34 once.",https://draftpace.com/shop/vehicle-maintenance-companion?utm_source=pinterest&utm_medium=organic_social&utm_campaign=vehicle&utm_content=a07-2,2026-11-17T21:30:00,
How to Find the Model Number on Any Appliance,https://draftpace.com/store/pinterest-pins/homebase/pin-7.3.jpg,Appliance Care Tips,"The label you need is never where you look first. Here is where each type of appliance hides its plate, how to read a serial number, and what to do when the label has worn away, so the next repair starts faster.",https://draftpace.com/guides/how-to-find-the-model-number-on-any-appliance?utm_source=pinterest&utm_medium=organic_social&utm_campaign=homebase&utm_content=a07-3,2026-11-17T21:30:00,
Which Car Needs What,https://draftpace.com/store/pinterest-pins/vehicle/pin-7.3.jpg,Car Binder and Glove Box Organization,Three habits that keep two cars from blurring into one.,https://draftpace.com/guides/two-cars-one-household-maintenance?utm_source=pinterest&utm_medium=organic_social&utm_campaign=vehicle&utm_content=a07-3,2026-11-18T00:00:00,
"Write the Filter Size Once: Note, Print, Bring",https://draftpace.com/store/pinterest-pins/homebase/pin-7.4.jpg,Appliance Care Tips,"The filter size, the part number, the bulb type: one fact per thing, written once. Home Base keeps it on the item and on a printable card. Three moves: note it, print it, bring it. $49 once.",https://draftpace.com/shop/home-management-companion?utm_source=pinterest&utm_medium=organic_social&utm_campaign=homebase&utm_content=a07-4,2026-11-18T00:00:00,
Add a Vehicle in One Short Screen,https://draftpace.com/store/pinterest-pins/vehicle/pin-7.4.jpg,Car Binder and Glove Box Organization,"Give the vehicle a name and, if you like, its year, make and model. Everything else is optional. A web app. $34 once.",https://draftpace.com/shop/vehicle-maintenance-companion?utm_source=pinterest&utm_medium=organic_social&utm_campaign=vehicle&utm_content=a07-4,2026-11-18T04:00:00,
The Model Number Is Behind the Fridge (and Other Home Truths),https://draftpace.com/store/pinterest-pins/homebase/pin-7.5.jpg,Appliance Care Tips,"The filter size is on the filter, the model number is behind the fridge, and the last time anyone flushed the water heater is nowhere at all. Here is how to fix all three in one afternoon.",https://draftpace.com/guides/how-often-change-furnace-filter?utm_source=pinterest&utm_medium=organic_social&utm_campaign=homebase&utm_content=a07-5,2026-11-18T17:00:00,
One Strip for Every Car You Own,https://draftpace.com/store/pinterest-pins/vehicle/pin-7.5.jpg,Car Binder and Glove Box Organization,One glance across everything you own.,https://draftpace.com/guides/two-cars-one-household-maintenance?utm_source=pinterest&utm_medium=organic_social&utm_campaign=vehicle&utm_content=a07-5,2026-11-18T21:30:00,
Home Repair Record: Write the Problem Down First,https://draftpace.com/store/pinterest-pins/homebase/pin-8.1.jpg,Home Emergency Prep,"When something goes wrong in a house, the first thing to do is write it down in your own words: what you heard, saw or smelled, and when. Then note who fixed it. Here is how to keep the record that makes the next call faster.",https://draftpace.com/guides/what-to-keep-after-a-home-repair?utm_source=pinterest&utm_medium=organic_social&utm_campaign=homebase&utm_content=a08-1,2026-11-18T21:30:00,
What to Keep in Your Glove Box,https://draftpace.com/store/pinterest-pins/vehicle/pin-8.1.jpg,Car Binder and Glove Box Organization,"A short list of the papers and numbers worth having in the car, and what is better kept at home.",https://draftpace.com/guides/glove-box-checklist-what-to-keep?utm_source=pinterest&utm_medium=organic_social&utm_campaign=vehicle&utm_content=a08-1,2026-11-19T00:00:00,
Home Repair Tracker That Remembers Who You Called Last Time,https://draftpace.com/store/pinterest-pins/homebase/pin-8.2.jpg,Home Emergency Prep,"Report a problem in your own words and Home Base recalls who you used before for that kind of job: ""You've used Ace Plumbing for water and plumbing issues before."" It is your own history, not a directory. $49 once.",https://draftpace.com/shop/home-management-companion?utm_source=pinterest&utm_medium=organic_social&utm_campaign=homebase&utm_content=a08-2,2026-11-19T00:00:00,
A Glove Box Card You Print Yourself,https://draftpace.com/store/pinterest-pins/vehicle/pin-8.2.jpg,Car Binder and Glove Box Organization,"One card with your plate, VIN, oil and insurance details, and the dates you are watching, made from what you typed. Nothing is looked up or checked. Made in your browser. $34 once.",https://draftpace.com/shop/vehicle-maintenance-companion?utm_source=pinterest&utm_medium=organic_social&utm_campaign=vehicle&utm_content=a08-2,2026-11-19T04:00:00,
Do You Know Where Your Main Water Shutoff Is?,https://draftpace.com/store/pinterest-pins/homebase/pin-8.3.jpg,Home Emergency Prep,"A leak at two in the morning is the wrong time to start looking for the valve. Here are the four places a main water shutoff usually is, how to tell if yours is stuck, and what to write down now so anyone in the house can find it.",https://draftpace.com/guides/where-is-my-water-shutoff?utm_source=pinterest&utm_medium=organic_social&utm_campaign=homebase&utm_content=a08-3,2026-11-19T17:00:00,
Three Papers Worth Having in the Car,https://draftpace.com/store/pinterest-pins/vehicle/pin-8.3.jpg,Car Binder and Glove Box Organization,"The registration, the policy and a roadside number. What to note and where to keep each.",https://draftpace.com/guides/glove-box-checklist-what-to-keep?utm_source=pinterest&utm_medium=organic_social&utm_campaign=vehicle&utm_content=a08-3,2026-11-19T21:30:00,
Fill In This Page Tonight: If Something Goes Wrong,https://draftpace.com/store/pinterest-pins/homebase/pin-8.4.jpg,Home Emergency Prep,"Plate 01 of the Home Survey is the one page to fill in first: where the water, gas and electricity shut off, which way each turns, and who to call first. It takes ten minutes and almost nobody does it. Included with Home Base, $49 once.",https://draftpace.com/shop/home-management-companion?utm_source=pinterest&utm_medium=organic_social&utm_campaign=homebase&utm_content=a08-4,2026-11-19T21:30:00,
"Glove Box Details, Typed by You",https://draftpace.com/store/pinterest-pins/vehicle/pin-8.4.jpg,Car Binder and Glove Box Organization,"Registration plate, insurer, roadside help number. Kept with your account and used only for the glove box card. None of it is looked up or checked. A web app. $34 once.",https://draftpace.com/shop/vehicle-maintenance-companion?utm_source=pinterest&utm_medium=organic_social&utm_campaign=vehicle&utm_content=a08-4,2026-11-20T00:00:00,
Why You Should Find Your Water Shutoff Today,https://draftpace.com/store/pinterest-pins/homebase/pin-8.5.jpg,Home Emergency Prep,"Nobody looks for the water shutoff until water is coming through a ceiling. Ten minutes on a quiet afternoon changes what a leak costs you. Here is how to find it, test that it turns, and write down where it is.",https://draftpace.com/guides/where-is-my-water-shutoff?utm_source=pinterest&utm_medium=organic_social&utm_campaign=homebase&utm_content=a08-5,2026-11-20T00:00:00,
Keep It Short,https://draftpace.com/store/pinterest-pins/vehicle/pin-8.5.jpg,Car Binder and Glove Box Organization,A card you can find beats a folder you cannot.,https://draftpace.com/guides/glove-box-checklist-what-to-keep?utm_source=pinterest&utm_medium=organic_social&utm_campaign=vehicle&utm_content=a08-5,2026-11-20T04:00:00,
Home Binder: What Goes In It and What Does Not,https://draftpace.com/store/pinterest-pins/homebase/pin-9.1.jpg,Home Binder Printables,"A home binder is only useful if the right things are in it. The emergency shutoffs, the filter sizes, who to call, what was done and when. Here is what to include, page by page, and the few things that should never go in one.",https://draftpace.com/guides/how-to-make-a-home-binder?utm_source=pinterest&utm_medium=organic_social&utm_campaign=homebase&utm_content=a09-1,2026-11-20T17:00:00,
"Car Paperwork Dates: Registration, Insurance, Inspection",https://draftpace.com/store/pinterest-pins/vehicle/pin-9.1.jpg,Car Binder and Glove Box Organization,"A way to keep track of the dates on your car's paperwork without a folder. What each date is, where the paper is, and what to check with the official source.",https://draftpace.com/guides/car-paperwork-dates-organizer?utm_source=pinterest&utm_medium=organic_social&utm_campaign=vehicle&utm_content=a09-1,2026-11-20T21:30:00,
Home Maintenance Printable: A 36-Page Home Survey Book,https://draftpace.com/store/pinterest-pins/homebase/pin-9.2.jpg,Home Binder Printables,"The Home Survey is a 36 page US Letter book with 19 plates: the shutoffs, twelve areas of a house, every care job and how often, a year plan, who to call, and a log. It comes with Home Base. $49 once, and the book works without a login.",https://draftpace.com/shop/home-management-companion?utm_source=pinterest&utm_medium=organic_social&utm_campaign=homebase&utm_content=a09-2,2026-11-20T21:30:00,
A Date and Where the Paper Is,https://draftpace.com/store/pinterest-pins/vehicle/pin-9.2.jpg,Car Binder and Glove Box Organization,"Record a registration, insurance, inspection or warranty date and where the paper is. Nothing is uploaded, and it never says what any place requires. A web app. $34 once.",https://draftpace.com/shop/vehicle-maintenance-companion?utm_source=pinterest&utm_medium=organic_social&utm_campaign=vehicle&utm_content=a09-2,2026-11-21T00:00:00,
What to Put in a Home Binder: 5 Sections That Matter,https://draftpace.com/store/pinterest-pins/homebase/pin-9.3.jpg,Home Binder Printables,"Five sections cover most of what a home binder needs: an emergency page, the numbers you look up every time, who to call, what has been done, and the dates that cost money to miss. Here is what goes in each one.",https://draftpace.com/guides/how-to-make-a-home-binder?utm_source=pinterest&utm_medium=organic_social&utm_campaign=homebase&utm_content=a09-3,2026-11-21T00:00:00,
What to Write Next to Each Date,https://draftpace.com/store/pinterest-pins/vehicle/pin-9.3.jpg,Car Binder and Glove Box Organization,Three short notes that make a renewal easy to find.,https://draftpace.com/guides/car-paperwork-dates-organizer?utm_source=pinterest&utm_medium=organic_social&utm_campaign=vehicle&utm_content=a09-3,2026-11-21T04:00:00,
"Home Binder in Four Steps: Walk, Write, Enter, Forget",https://draftpace.com/store/pinterest-pins/homebase/pin-9.4.jpg,Home Binder Printables,"Four steps, and only one of them is work. Walk the house with the book. Write down what you find. Enter it into Home Base. Then forget it, because the app raises each job when it is due. You do not have to finish it. $49 once.",https://draftpace.com/shop/home-management-companion?utm_source=pinterest&utm_medium=organic_social&utm_campaign=homebase&utm_content=a09-4,2026-11-21T17:00:00,
Paperwork Dates Show Up on Due,https://draftpace.com/store/pinterest-pins/vehicle/pin-9.4.jpg,Car Binder and Glove Box Organization,"A date shows on Due when it is 45 days away or past. If you switch reminders on, you also get one notice two weeks ahead and one on the day. Off until you switch it on. A web app. $34 once.",https://draftpace.com/shop/vehicle-maintenance-companion?utm_source=pinterest&utm_medium=organic_social&utm_campaign=vehicle&utm_content=a09-4,2026-11-21T21:30:00,
What Not to Put in a Home Binder,https://draftpace.com/store/pinterest-pins/homebase/pin-9.5.jpg,Home Binder Printables,"A home binder gets lent, photographed and left on counters. Keep out passwords, alarm codes and anything that opens the house. Write down where things are and who to call instead. Here is what to keep, and what to leave out.",https://draftpace.com/guides/how-to-make-a-home-binder?utm_source=pinterest&utm_medium=organic_social&utm_campaign=homebase&utm_content=a09-5,2026-11-21T21:30:00,
Where Is the Paper?,https://draftpace.com/store/pinterest-pins/vehicle/pin-9.5.jpg,Car Binder and Glove Box Organization,The date is easy. Finding the paper is the hard part.,https://draftpace.com/guides/car-paperwork-dates-organizer?utm_source=pinterest&utm_medium=organic_social&utm_campaign=vehicle&utm_content=a09-5,2026-11-22T00:00:00,
Renter's Move-In Checklist: What to Document on Day One,https://draftpace.com/store/pinterest-pins/homebase/pin-10.1.jpg,Renter Tips,"The deposit conversation at the end of a lease starts on day one. Photograph everything, note the lease dates, record the deposit and who holds it, and log what you report and when. Here is the checklist, in the order to do it.",https://draftpace.com/guides/moving-into-a-rental-what-to-document?utm_source=pinterest&utm_medium=organic_social&utm_campaign=homebase&utm_content=a10-1,2026-11-22T00:00:00,
First Car Checklist for New Drivers,https://draftpace.com/store/pinterest-pins/vehicle/pin-10.1.jpg,First Car Checklist,"A short list of what to sort in the first week with a car: the papers, the manual, the first record, and what to keep in the car.",https://draftpace.com/guides/first-car-checklist-for-new-drivers?utm_source=pinterest&utm_medium=organic_social&utm_campaign=vehicle&utm_content=a10-1,2026-11-22T04:00:00,
Lease and Deposit Tracker for Renters,https://draftpace.com/store/pinterest-pins/homebase/pin-10.2.jpg,Renter Tips,"Renters get their own setup in Home Base: the lease, the deposit, what you look after, and what you reported to the landlord and when. It stops asking about the roof and gutters. $49 once, and it works for a home you rent.",https://draftpace.com/shop/home-management-companion?utm_source=pinterest&utm_medium=organic_social&utm_campaign=homebase&utm_content=a10-2,2026-11-22T17:00:00,
"Log a Service: Date, Miles, What Was Done",https://draftpace.com/store/pinterest-pins/vehicle/pin-10.2.jpg,First Car Checklist,"Log a service in a few fields: which job, what was done, the date, the mileage, who did it, and any cost or note. Works for one-off repairs too. A web app. $34 once.",https://draftpace.com/shop/vehicle-maintenance-companion?utm_source=pinterest&utm_medium=organic_social&utm_campaign=vehicle&utm_content=a10-2,2026-11-22T21:30:00,
What to Document When You Move Into a Rental,https://draftpace.com/store/pinterest-pins/homebase/pin-10.3.jpg,Renter Tips,"Four records protect a deposit and a lease: dated photos of every room, the lease renewal and notice dates, the deposit amount and who holds it, and a log of problems you reported. This is not legal advice, but it is a solid habit.",https://draftpace.com/guides/moving-into-a-rental-what-to-document?utm_source=pinterest&utm_medium=organic_social&utm_campaign=homebase&utm_content=a10-3,2026-11-22T21:30:00,
Week One With Your First Car,https://draftpace.com/store/pinterest-pins/vehicle/pin-10.3.jpg,First Car Checklist,"Find the owner's manual, note the mileage, start a record.",https://draftpace.com/guides/first-car-checklist-for-new-drivers?utm_source=pinterest&utm_medium=organic_social&utm_campaign=vehicle&utm_content=a10-3,2026-11-23T00:00:00,
"Renter Records: From ""Where Is the Lease?"" to One Notice Date",https://draftpace.com/store/pinterest-pins/homebase/pin-10.4.jpg,Renter Tips,"The lease is in an email, the deposit receipt is in a drawer and the notice date is in your head. Home Base keeps the lease, the deposit and what you reported to the landlord in one place. Renter setup, $49 once.",https://draftpace.com/shop/home-management-companion?utm_source=pinterest&utm_medium=organic_social&utm_campaign=homebase&utm_content=a10-4,2026-11-23T00:00:00,
Reminders You Switch On Yourself,https://draftpace.com/store/pinterest-pins/vehicle/pin-10.4.jpg,First Car Checklist,"Reminders are off until you turn them on. Then you hear about two things only: a job that has reached its interval, and a date that is close. One device, at most once an hour. A web app. $34 once.",https://draftpace.com/shop/vehicle-maintenance-companion?utm_source=pinterest&utm_medium=organic_social&utm_campaign=vehicle&utm_content=a10-4,2026-11-23T04:00:00,
Photograph Everything on Day One,https://draftpace.com/store/pinterest-pins/homebase/pin-10.5.jpg,Renter Tips,"If you rent, day one is when the deposit is won or lost. Take dated photos of every room, every scratch and every appliance, before you unpack. Here is the rest of the move-in checklist, and what to keep.",https://draftpace.com/guides/moving-into-a-rental-what-to-document?utm_source=pinterest&utm_medium=organic_social&utm_campaign=homebase&utm_content=a10-5,2026-11-23T17:00:00,
Start the Record Today,https://draftpace.com/store/pinterest-pins/vehicle/pin-10.5.jpg,First Car Checklist,The best time to start a car's record is the day you get it.,https://draftpace.com/guides/first-car-checklist-for-new-drivers?utm_source=pinterest&utm_medium=organic_social&utm_campaign=vehicle&utm_content=a10-5,2026-11-23T21:30:00,
